Latitude,Longitude,rainfall,temperature,clay,sand,silt,river_distance,Elevation,Slope,Flood_Index,Predicted_Flood_Score,Prob_0,Prob_1,Prob_2,Prob_3
12.5,74.0,8.617178082,27.96758904,310,423,260,349847.182,595,0.0,0.584267466,3,0.05,0.046,0.168,0.736
12.5,74.1,10.41145205,27.87635616,310,423,260,138128.7917,595,0.0,0.730959882,3,0.0,0.0,0.016,0.984
12.5,74.2,10.41145205,27.87635616,310,423,260,112455.5367,595,0.0,0.740741737,3,0.0,0.002,0.01,0.988
12.5,74.3,10.41145205,27.87635616,310,423,260,105642.4037,595,0.0,0.743337633,3,0.0,0.0,0.012,0.988
12.5,74.4,10.41145205,27.87635616,310,423,260,152101.6823,595,0.0,0.725636022,3,0.0,0.004,0.016,0.98
12.5,74.5,10.41145205,27.87635616,310,423,260,136352.5278,595,0.0,0.731636662,3,0.0,0.0,0.012,0.988
12.5,74.6,10.41145205,27.87635616,310,423,260,159650.5211,595,0.0,0.722759813,3,0.0,0.002,0.016,0.982
12.5,74.7,10.67827397,26.88180822,310,423,260,90704.34608,595,0.0,0.758847623,3,0.0,0.0,0.024,0.976
12.5,74.8,10.67827397,26.88180822,310,423,260,51000.32546,595,0.0,0.773975389,3,0.0,0.0,0.024,0.976
12.5,74.9,10.67827397,26.88180822,310,423,260,121525.8476,595,0.0,0.747104216,3,0.002,0.002,0.016,0.98
12.5,75.0,10.67827397,26.88180822,342,428,229,88247.44825,595,89.99820709,0.617610854,3,0.004,0.018,0.048,0.93
12.5,75.1,10.67827397,26.88180822,315,471,214,42632.98527,93,89.99524689,0.683126913,3,0.0,0.0,0.0,1.0
12.5,75.2,10.67827397,26.88180822,298,490,211,74813.38933,210,89.99761963,0.644626067,3,0.0,0.026,0.038,0.936
12.5,75.3,10.67827397,26.88180822,324,490,185,45685.99346,169,89.99771118,0.668144687,3,0.0,0.004,0.004,0.992
12.5,75.4,7.83690411,23.51619178,255,536,210,32004.04813,236,89.99846649,0.527923684,3,0.0,0.004,0.02,0.976
12.6,74.0,8.617178082,27.96758904,310,423,260,228410.9896,595,0.0,0.63053629,3,0.002,0.004,0.044,0.95
12.6,74.1,10.41145205,27.87635616,310,423,260,178825.3116,595,0.0,0.715453959,3,0.0,0.002,0.02,0.978
12.6,74.2,10.41145205,27.87635616,310,423,260,184934.5127,595,0.0,0.713126272,3,0.0,0.004,0.024,0.972
12.6,74.3,10.41145205,27.87635616,310,423,260,144467.4484,595,0.0,0.728544768,3,0.0,0.0,0.016,0.984
12.6,74.4,10.41145205,27.87635616,310,423,260,107222.5802,595,0.0,0.742735564,3,0.0,0.0,0.012,0.988
12.6,74.5,10.41145205,27.87635616,310,423,260,179048.6338,595,0.0,0.715368871,3,0.0,0.002,0.02,0.978
12.6,74.6,10.41145205,27.87635616,310,423,260,123062.2994,595,0.0,0.736700418,3,0.0,0.0,0.01,0.99
12.6,74.7,10.67827397,26.88180822,310,423,260,132927.9091,595,0.0,0.742759877,3,0.002,0.0,0.018,0.98
12.6,74.8,10.67827397,26.88180822,310,423,260,138023.0448,595,0.0,0.740818561,3,0.002,0.0,0.02,0.978
12.6,74.9,10.67827397,26.88180822,310,423,260,79142.54323,595,0.0,0.763252825,3,0.0,0.0,0.024,0.976
12.6,75.0,10.67827397,26.88180822,341,470,189,292028.5305,61,89.99762726,0.599601884,3,0.092,0.09,0.034,0.784
12.6,75.1,10.67827397,26.88180822,302,479,219,62897.03232,76,89.99790955,0.671862902,3,0.0,0.004,0.0,0.996
12.6,75.2,10.67827397,26.88180822,298,484,218,22457.75899,109,89.99116516,0.68024218,3,0.0,0.004,0.008,0.988
12.6,75.3,10.67827397,26.88180822,271,529,200,96031.28846,117,89.9899292,0.630422904,3,0.0,0.008,0.002,0.99
12.6,75.4,7.83690411,23.51619178,268,533,199,128218.2016,204,89.99601746,0.499795773,3,0.002,0.016,0.066,0.916
12.7,74.0,8.617178082,27.96758904,310,423,260,249740.8717,595,0.0,0.622409318,3,0.004,0.002,0.054,0.94
12.7,74.1,10.41145205,27.87635616,310,423,260,148599.648,595,0.0,0.726970344,3,0.0,0.004,0.018,0.978
12.7,74.2,10.41145205,27.87635616,310,423,260,318030.0296,595,0.0,0.662415087,3,0.046,0.06,0.094,0.8
12.7,74.3,10.41145205,27.87635616,310,423,260,141448.9475,595,0.0,0.729694858,3,0.0,0.0,0.014,0.986
12.7,74.4,10.41145205,27.87635616,310,423,260,193664.5405,595,0.0,0.709800013,3,0.0,0.006,0.028,0.966
12.7,74.5,10.41145205,27.87635616,310,423,260,94444.67653,595,0.0,0.747604118,3,0.0,0.0,0.01,0.99
12.7,74.6,10.41145205,27.87635616,310,423,260,293266.6017,595,0.0,0.671850287,3,0.014,0.048,0.062,0.876
12.7,74.7,10.67827397,26.88180822,310,423,260,112988.1513,595,0.0,0.750357193,3,0.002,0.002,0.016,0.98
12.7,74.8,10.67827397,26.88180822,310,423,260,29544.22653,595,0.0,0.782150452,3,0.0,0.0,0.026,0.974
12.7,74.9,10.67827397,26.88180822,310,423,260,99651.4362,4,89.99288177,0.685602731,3,0.0,0.0,0.01,0.99
12.7,75.0,10.67827397,26.88180822,334,495,171,53980.10736,131,89.998703,0.671414792,3,0.0,0.002,0.002,0.996
12.7,75.1,10.67827397,26.88180822,299,475,226,58962.62546,120,89.99604797,0.667813134,3,0.0,0.002,0.006,0.992
12.7,75.2,10.67827397,26.88180822,311,451,238,58434.00564,135,89.99116516,0.676397118,3,0.0,0.0,0.006,0.994
12.7,75.3,10.67827397,26.88180822,313,438,249,264566.5787,101,89.99714661,0.606909817,3,0.012,0.038,0.032,0.918
12.7,75.4,7.83690411,23.51619178,269,492,239,51105.09009,95,89.9899292,0.556606546,3,0.0,0.002,0.014,0.984
12.8,74.0,9.624383562,27.97646575,310,423,260,355497.136,595,0.0,0.619177435,3,0.052,0.044,0.172,0.732
12.8,74.1,11.72052055,27.90646575,310,423,260,194875.0907,595,0.0,0.757509271,3,0.0,0.006,0.028,0.966
12.8,74.2,11.72052055,27.90646575,310,423,260,244539.8792,595,0.0,0.738586317,3,0.004,0.002,0.054,0.94
12.8,74.3,11.72052055,27.90646575,310,423,260,167113.962,595,0.0,0.768086635,3,0.0,0.002,0.016,0.982
12.8,74.4,11.72052055,27.90646575,310,423,260,188985.8484,595,0.0,0.759753151,3,0.0,0.004,0.028,0.968
12.8,74.5,11.72052055,27.90646575,310,423,260,241066.1641,595,0.0,0.73990985,3,0.004,0.002,0.046,0.948
12.8,74.6,11.72052055,27.90646575,310,423,260,170170.6182,595,0.0,0.766922007,3,0.0,0.002,0.018,0.98
12.8,74.7,11.0450411,26.49967123,310,423,260,29257.79554,595,0.0,0.795755712,3,0.0,0.0,0.028,0.972
12.8,74.8,11.0450411,26.49967123,310,423,260,146829.5948,595,0.0,0.750959273,3,0.002,0.004,0.022,0.972
12.8,74.9,11.0450411,26.49967123,376,463,161,69839.36255,51,89.99714661,0.710459485,3,0.0,0.0,0.002,0.998
12.8,75.0,11.0450411,26.49967123,331,476,193,174246.1642,83,89.99794006,0.650541239,3,0.002,0.002,0.0,0.996
12.8,75.1,11.0450411,26.49967123,302,471,227,150803.6947,163,89.99881744,0.642478789,3,0.0,0.008,0.004,0.988
12.8,75.2,11.0450411,26.49967123,308,437,255,123986.0662,105,89.99436951,0.672413635,3,0.0,0.004,0.008,0.988
12.8,75.3,11.0450411,26.49967123,302,428,269,154153.4153,89,89.99227142,0.664077239,3,0.0,0.008,0.004,0.988
12.8,75.4,7.129835616,23.02832877,261,528,212,97993.09608,116,89.99524689,0.497040131,3,0.0,0.004,0.016,0.98
12.9,74.0,9.624383562,27.97646575,310,423,260,185394.2158,595,0.0,0.683988939,3,0.0,0.004,0.024,0.972
12.9,74.1,11.72052055,27.90646575,310,423,260,242259.1061,595,0.0,0.739455323,3,0.004,0.002,0.052,0.942
12.9,74.2,11.72052055,27.90646575,310,423,260,202777.3794,595,0.0,0.754498392,3,0.002,0.006,0.04,0.952
12.9,74.3,11.72052055,27.90646575,310,423,260,422505.9924,595,0.0,0.670778832,3,0.064,0.042,0.232,0.662
12.9,74.4,11.72052055,27.90646575,310,423,260,236801.2672,595,0.0,0.741534833,3,0.004,0.002,0.048,0.946
12.9,74.5,11.72052055,27.90646575,310,423,260,123328.5925,595,0.0,0.78476945,3,0.0,0.0,0.01,0.99
12.9,74.6,11.72052055,27.90646575,310,423,260,142659.2943,595,0.0,0.777404192,3,0.0,0.0,0.016,0.984
12.9,74.7,11.0450411,26.49967123,310,423,260,93833.46596,595,0.0,0.771151512,3,0.0,0.0,0.024,0.976
12.9,74.8,11.0450411,26.49967123,310,423,260,113425.3066,595,0.0,0.763686757,3,0.002,0.002,0.018,0.978
12.9,74.9,11.0450411,26.49967123,365,485,150,70142.8836,87,89.99681091,0.695920547,3,0.0,0.002,0.002,0.996
12.9,75.0,11.0450411,26.49967123,388,470,142,92557.57025,37,89.99288177,0.704763259,3,0.0,0.0,0.008,0.992
12.9,75.1,11.0450411,26.49967123,339,484,176,141609.4339,151,89.99777222,0.653302292,3,0.0,0.002,0.0,0.998
12.9,75.2,11.0450411,26.49967123,324,436,240,79784.89774,77,89.99375153,0.697576846,3,0.0,0.0,0.006,0.994
12.9,75.3,11.0450411,26.49967123,295,452,254,132857.1828,83,89.97748566,0.664237295,3,0.002,0.002,0.01,0.986
12.9,75.4,7.129835616,23.02832877,270,477,252,119055.6877,108,89.99288177,0.507571959,3,0.0,0.006,0.042,0.952
13.0,74.0,9.624383562,27.97646575,310,423,260,253065.2959,595,0.0,0.658205346,3,0.004,0.002,0.05,0.944
13.0,74.1,11.72052055,27.90646575,310,423,260,159813.7942,595,0.0,0.770868097,3,0.0,0.002,0.016,0.982
13.0,74.2,11.72052055,27.90646575,310,423,260,171821.7971,595,0.0,0.766292886,3,0.0,0.002,0.016,0.982
13.0,74.3,11.72052055,27.90646575,310,423,260,101990.7023,595,0.0,0.792899473,3,0.0,0.0,0.012,0.988
13.0,74.4,11.72052055,27.90646575,310,423,260,261596.9609,595,0.0,0.73208734,3,0.004,0.014,0.056,0.926
13.0,74.5,11.72052055,27.90646575,310,423,260,111625.7863,595,0.0,0.789228377,3,0.0,0.0,0.01,0.99
13.0,74.6,11.72052055,27.90646575,310,423,260,96255.38796,595,0.0,0.795084705,3,0.0,0.0,0.012,0.988
13.0,74.7,11.0450411,26.49967123,310,423,260,129024.3146,595,0.0,0.757743325,3,0.002,0.0,0.018,0.98
13.0,74.8,11.0450411,26.49967123,310,423,260,113146.0487,3,89.98575592,0.694104729,3,0.0,0.0,0.008,0.992
13.0,74.9,11.0450411,26.49967123,387,457,156,160108.7559,43,89.99720764,0.681863569,3,0.0,0.0,0.0,1.0
13.0,75.0,11.0450411,26.49967123,377,457,165,218840.3991,61,89.9973526,0.654257473,3,0.004,0.004,0.002,0.99
13.0,75.1,11.0450411,26.49967123,346,415,239,19527.77124,82,89.99726868,0.731993682,3,0.0,0.0,0.006,0.994
13.0,75.2,11.0450411,26.49967123,315,463,222,50004.06151,89,89.99681091,0.696768621,3,0.0,0.0,0.002,0.998
13.0,75.3,11.0450411,26.49967123,308,474,218,85318.17301,94,89.99475861,0.677472289,3,0.0,0.004,0.006,0.99
13.0,75.4,7.129835616,23.02832877,278,507,215,156523.2151,154,89.99604797,0.48025857,3,0.0,0.01,0.072,0.918
13.1,74.0,9.624383562,27.97646575,310,423,260,174469.4652,595,0.0,0.688151416,3,0.0,0.002,0.018,0.98
13.1,74.1,11.72052055,27.90646575,310,423,260,220679.1805,595,0.0,0.747677565,3,0.002,0.006,0.044,0.948
13.1,74.2,11.72052055,27.90646575,310,423,260,365806.7841,595,0.0,0.692381994,3,0.056,0.044,0.17,0.73
13.1,74.3,11.72052055,27.90646575,310,423,260,243236.9907,595,0.0,0.739082735,3,0.004,0.002,0.054,0.94
13.1,74.4,11.72052055,27.90646575,310,423,260,234599.754,595,0.0,0.742373639,3,0.002,0.004,0.048,0.946
13.1,74.5,11.72052055,27.90646575,310,423,260,164724.8626,595,0.0,0.768996914,3,0.0,0.002,0.016,0.982
13.1,74.6,11.72052055,27.90646575,310,423,260,167615.0821,595,0.0,0.767895701,3,0.0,0.002,0.016,0.982
13.1,74.7,11.0450411,26.49967123,310,423,260,67697.91656,595,0.0,0.781109508,3,0.0,0.0,0.026,0.974
13.1,74.8,11.0450411,26.49967123,334,390,276,148266.3121,6,89.98873901,0.697642208,3,0.0,0.008,0.05,0.942
13.1,74.9,11.0450411,26.49967123,342,450,209,125757.8765,19,89.99375153,0.688599832,3,0.0,0.004,0.006,0.99
13.1,75.0,11.0450411,26.49967123,353,479,167,93887.93756,121,89.99227142,0.680765555,3,0.0,0.002,0.008,0.99
13.1,75.1,11.0450411,26.49967123,367,457,177,141238.2761,93,89.97748566,0.677176541,3,0.0,0.0,0.014,0.986
13.1,75.2,11.0450411,26.49967123,321,473,206,46700.93848,200,89.99817657,0.681536052,3,0.0,0.016,0.032,0.952
13.1,75.3,11.0450411,26.49967123,368,436,195,98002.65951,614,89.99909973,0.629257863,3,0.004,0.012,0.036,0.948
13.1,75.4,7.129835616,23.02832877,331,476,193,177927.414,472,89.99830627,0.452310429,3,0.004,0.016,0.068,0.912
13.2,74.0,9.624383562,27.97646575,310,423,260,182240.3989,595,0.0,0.685190585,3,0.0,0.004,0.022,0.974
13.2,74.1,11.72052055,27.90646575,310,423,260,244044.5222,595,0.0,0.738775055,3,0.004,0.002,0.054,0.94
13.2,74.2,11.72052055,27.90646575,310,423,260,191912.7158,595,0.0,0.758637975,3,0.0,0.006,0.028,0.966
13.2,74.3,11.72052055,27.90646575,310,423,260,256910.2073,595,0.0,0.733873056,3,0.004,0.004,0.05,0.942
13.2,74.4,11.72052055,27.90646575,310,423,260,190275.142,595,0.0,0.759261913,3,0.0,0.004,0.026,0.97
13.2,74.5,11.72052055,27.90646575,310,423,260,168687.1327,595,0.0,0.767487235,3,0.0,0.002,0.016,0.982
13.2,74.6,11.72052055,27.90646575,310,423,260,230486.823,595,0.0,0.743940721,3,0.002,0.004,0.046,0.948
13.2,74.7,11.0450411,26.49967123,310,423,260,123179.8183,595,0.0,0.759970157,3,0.002,0.0,0.018,0.98
13.2,74.8,11.0450411,26.49967123,345,416,240,207842.5424,31,89.99375153,0.666748785,3,0.0,0.014,0.022,0.964
13.2,74.9,11.0450411,26.49967123,328,454,218,30515.49143,58,89.99475861,0.714547865,3,0.0,0.002,0.004,0.994
13.2,75.0,11.0450411,26.49967123,311,446,243,110676.3856,85,89.98407745,0.678290058,3,0.0,0.0,0.01,0.99
13.2,75.1,11.0450411,26.49967123,323,443,234,162413.3557,75,89.99549866,0.663986369,3,0.0,0.006,0.006,0.988
13.2,75.2,11.0450411,26.49967123,340,415,245,124687.4832,836,89.99765778,0.588082232,3,0.002,0.008,0.044,0.946
13.2,75.3,11.0450411,26.49967123,347,411,243,162409.3054,868,89.99861908,0.572570738,3,0.0,0.01,0.024,0.966
13.2,75.4,7.129835616,23.02832877,332,420,248,154655.6488,872,89.99892426,0.42408977,3,0.0,0.008,0.044,0.948
13.3,74.0,9.854876712,27.96764384,310,423,260,295239.1375,595,0.0,0.650618124,3,0.014,0.052,0.07,0.864
13.3,74.1,12.16586301,27.73630137,310,423,260,300302.0042,595,0.0,0.733727701,3,0.01,0.056,0.07,0.864
13.3,74.2,12.16586301,27.73630137,310,423,260,227878.4575,595,0.0,0.761322048,3,0.002,0.004,0.044,0.95
13.3,74.3,12.16586301,27.73630137,310,423,260,187933.0196,595,0.0,0.776541798,3,0.0,0.004,0.028,0.968
13.3,74.4,12.16586301,27.73630137,310,423,260,144094.6089,595,0.0,0.793244823,3,0.0,0.0,0.016,0.984
13.3,74.5,12.16586301,27.73630137,310,423,260,183169.538,595,0.0,0.778356748,3,0.0,0.004,0.022,0.974
13.3,74.6,12.16586301,27.73630137,310,423,260,388770.9376,595,0.0,0.700019846,3,0.062,0.044,0.194,0.7
13.3,74.7,10.30813699,25.14427397,310,423,260,133981.8603,595,0.0,0.728738179,3,0.0,0.0,0.02,0.98
13.3,74.8,10.30813699,25.14427397,296,448,257,157262.4425,7,89.98575592,0.639586881,3,0.002,0.004,0.018,0.976
13.3,74.9,10.30813699,25.14427397,332,400,268,132072.6709,46,89.99549866,0.6677143,3,0.0,0.004,0.034,0.962
13.3,75.0,10.30813699,25.14427397,353,443,204,220394.1251,46,89.98937988,0.62663764,3,0.0,0.016,0.02,0.964
13.3,75.1,10.30813699,25.14427397,268,435,297,121978.6954,735,89.99846649,0.550661641,3,0.0,0.016,0.038,0.946
13.3,75.2,10.30813699,25.14427397,311,413,276,298602.8057,1001,89.99879456,0.465273775,3,0.094,0.12,0.078,0.708
13.3,75.3,10.30813699,25.14427397,315,389,296,100939.7862,1108,89.99549866,0.534377729,3,0.002,0.026,0.088,0.884
13.3,75.4,5.685123288,22.18046575,352,374,274,161326.4857,864,89.99765778,0.388631959,3,0.0,0.002,0.12,0.878
13.4,74.0,9.854876712,27.96764384,310,423,260,263621.1882,595,0.0,0.662664988,3,0.004,0.014,0.056,0.926
13.4,74.1,12.16586301,27.73630137,310,423,260,93000.10554,595,0.0,0.812712516,3,0.0,0.0,0.01,0.99
13.4,74.2,12.16586301,27.73630137,310,423,260,195592.4951,595,0.0,0.773623434,3,0.0,0.006,0.03,0.964
13.4,74.3,12.16586301,27.73630137,310,423,260,286962.7043,595,0.0,0.738810154,3,0.016,0.046,0.064,0.874
13.4,74.4,12.16586301,27.73630137,310,423,260,259133.3668,595,0.0,0.749413507,3,0.004,0.004,0.052,0.94
13.4,74.5,12.16586301,27.73630137,310,423,260,246471.7437,595,0.0,0.754237755,3,0.004,0.002,0.054,0.94
13.4,74.6,12.16586301,27.73630137,310,423,260,165299.977,595,0.0,0.785165292,3,0.0,0.002,0.016,0.982
13.4,74.7,10.30813699,25.14427397,326,401,273,211247.0223,11,89.96816254,0.640455293,3,0.0,0.01,0.058,0.932
13.4,74.8,10.30813699,25.14427397,317,425,258,344749.2712,24,89.98407745,0.578182279,3,0.152,0.13,0.118,0.6
13.4,74.9,10.30813699,25.14427397,332,416,253,70306.84364,28,89.99557495,0.689009184,3,0.0,0.002,0.006,0.992
13.4,75.0,10.30813699,25.14427397,343,421,236,201685.8792,51,89.98873901,0.637089094,3,0.0,0.008,0.024,0.968
13.4,75.1,10.30813699,25.14427397,303,442,255,215285.0542,492,89.99897003,0.555188992,3,0.012,0.024,0.066,0.898
13.4,75.2,10.30813699,25.14427397,299,424,277,194625.2141,655,89.98407745,0.545355263,3,0.004,0.01,0.036,0.95
13.4,75.3,10.30813699,25.14427397,337,426,237,201197.4969,676,89.99549866,0.549406993,3,0.01,0.05,0.066,0.874
13.4,75.4,5.685123288,22.18046575,343,422,235,114937.5517,866,89.99854279,0.389174304,3,0.0,0.006,0.074,0.92
13.5,74.0,9.854876712,27.96764384,310,423,260,360473.2432,595,0.0,0.625763051,3,0.054,0.044,0.17,0.732
13.5,74.1,12.16586301,27.73630137,310,423,260,325849.1807,595,0.0,0.723993883,3,0.044,0.058,0.114,0.784
13.5,74.2,12.16586301,27.73630137,310,423,260,308817.0011,595,0.0,0.730483373,3,0.018,0.054,0.082,0.846
13.5,74.3,12.16586301,27.73630137,310,423,260,220656.7141,595,0.0,0.764073629,3,0.002,0.006,0.044,0.948
13.5,74.4,12.16586301,27.73630137,310,423,260,255565.5868,595,0.0,0.750772879,3,0.004,0.004,0.05,0.942
13.5,74.5,12.16586301,27.73630137,310,423,260,243151.6839,595,0.0,0.755502743,3,0.004,0.002,0.054,0.94
13.5,74.6,12.16586301,27.73630137,310,423,260,165358.2887,595,0.0,0.785143074,3,0.0,0.002,0.016,0.982
13.5,74.7,10.30813699,25.14427397,345,400,255,210873.6307,3,89.9899292,0.646961314,3,0.0,0.008,0.058,0.934
13.5,74.8,10.30813699,25.14427397,338,436,226,159330.2416,23,89.99249268,0.651172519,3,0.0,0.002,0.006,0.992
13.5,74.9,10.30813699,25.14427397,337,419,244,151332.8928,38,89.99407959,0.657048874,3,0.0,0.006,0.01,0.984
13.5,75.0,10.30813699,25.14427397,325,438,238,188245.1609,88,89.99654388,0.627448082,3,0.0,0.002,0.002,0.996
13.5,75.1,10.30813699,25.14427397,281,419,299,201719.8145,689,89.9985733,0.534627683,3,0.0,0.01,0.03,0.96
13.5,75.2,10.30813699,25.14427397,284,433,283,155621.7313,644,89.99502563,0.555015942,3,0.004,0.004,0.018,0.974
13.5,75.3,10.30813699,25.14427397,286,444,270,150506.8447,653,89.9980011,0.552947434,3,0.0,0.004,0.014,0.982
13.5,75.4,5.685123288,22.18046575,337,419,244,216221.1598,784,89.99204254,0.361038053,3,0.0,0.004,0.096,0.9
13.6,74.0,9.854876712,27.96764384,310,423,260,410956.4848,595,0.0,0.606528256,3,0.064,0.042,0.222,0.672
13.6,74.1,12.16586301,27.73630137,310,423,260,176986.9221,595,0.0,0.780712408,3,0.0,0.002,0.02,0.978
13.6,74.2,12.16586301,27.73630137,310,423,260,285075.9967,595,0.0,0.739529015,3,0.016,0.044,0.064,0.876
13.6,74.3,12.16586301,27.73630137,310,423,260,205017.7854,595,0.0,0.770032272,3,0.002,0.006,0.042,0.95
13.6,74.4,12.16586301,27.73630137,310,423,260,155412.0868,595,0.0,0.788932711,3,0.0,0.004,0.016,0.98
13.6,74.5,12.16586301,27.73630137,310,423,260,242878.0061,595,0.0,0.755607018,3,0.004,0.002,0.054,0.94
13.6,74.6,12.16586301,27.73630137,310,423,260,202642.0713,595,0.0,0.770937451,3,0.002,0.006,0.04,0.952
13.6,74.7,10.30813699,25.14427397,339,405,256,244448.1258,15,89.98575592,0.629456453,3,0.0,0.018,0.074,0.908
13.6,74.8,10.30813699,25.14427397,328,401,271,166791.6864,18,89.98575592,0.656942397,3,0.0,0.004,0.05,0.946
13.6,74.9,10.30813699,25.14427397,292,469,238,251883.3688,65,89.99581909,0.58796242,3,0.004,0.026,0.038,0.932
13.6,75.0,10.30813699,25.14427397,310,458,232,197488.7585,110,89.99116516,0.610809596,3,0.0,0.01,0.014,0.976
13.6,75.1,10.30813699,25.14427397,288,453,259,120134.6361,679,89.99557495,0.558809246,3,0.002,0.006,0.02,0.972
13.6,75.2,10.30813699,25.14427397,271,461,268,184945.1553,690,89.99654388,0.525722359,3,0.008,0.014,0.02,0.958
13.6,75.3,10.30813699,25.14427397,286,435,279,153664.2917,679,89.97748566,0.550968321,3,0.008,0.012,0.028,0.952
13.6,75.4,5.685123288,22.18046575,299,427,274,162665.4285,719,89.99854279,0.377807515,3,0.0,0.0,0.074,0.926
13.7,74.0,9.854876712,27.96764384,310,423,260,263531.4688,595,0.0,0.662699173,3,0.004,0.014,0.056,0.926
13.7,74.1,12.16586301,27.73630137,310,423,260,221848.2325,595,0.0,0.763619645,3,0.002,0.006,0.044,0.948
13.7,74.2,12.16586301,27.73630137,310,423,260,238445.9331,595,0.0,0.757295697,3,0.004,0.002,0.05,0.944
13.7,74.3,12.16586301,27.73630137,310,423,260,216485.1573,595,0.0,0.765663049,3,0.002,0.006,0.042,0.95
13.7,74.4,12.16586301,27.73630137,310,423,260,123362.144,595,0.0,0.801144171,3,0.0,0.0,0.01,0.99
13.7,74.5,12.16586301,27.73630137,310,423,260,273671.7602,595,0.0,0.743874183,3,0.004,0.02,0.054,0.922
13.7,74.6,12.16586301,27.73630137,310,423,260,210352.7534,595,0.0,0.767999577,3,0.002,0.006,0.044,0.948
13.7,74.7,10.30813699,25.14427397,296,448,256,207947.5012,13,89.99362946,0.61929981,3,0.002,0.01,0.012,0.976
13.7,74.8,10.30813699,25.14427397,303,475,222,318295.0507,50,89.99765778,0.565930273,3,0.146,0.122,0.046,0.686
13.7,74.9,10.30813699,25.14427397,280,476,244,452068.9267,91,89.99452972,0.503034793,3,0.18,0.126,0.086,0.608
13.7,75.0,10.30813699,25.14427397,275,444,281,172908.8104,170,89.99785614,0.607016135,3,0.0,0.008,0.016,0.976
13.7,75.1,10.30813699,25.14427397,251,484,265,190227.994,688,89.99802399,0.511760436,3,0.01,0.03,0.022,0.938
13.7,75.2,10.30813699,25.14427397,269,454,277,134088.5682,649,89.99562073,0.552246209,3,0.002,0.008,0.018,0.972
13.7,75.3,10.30813699,25.14427397,285,434,280,141643.719,620,89.99362946,0.563412623,3,0.004,0.012,0.048,0.936
13.7,75.4,5.685123288,22.18046575,291,443,267,316796.5911,609,89.99604797,0.327213569,3,0.022,0.098,0.35,0.53
13.8,74.0,9.450630137,27.89986301,310,423,260,290913.594,595,0.0,0.637390937,3,0.016,0.046,0.062,0.876
13.8,74.1,12.10082192,26.75980822,310,423,260,279992.2545,595,0.0,0.739072638,3,0.014,0.042,0.072,0.872
13.8,74.2,12.10082192,26.75980822,310,423,260,327949.7679,595,0.0,0.720800179,3,0.046,0.058,0.14,0.756
13.8,74.3,12.10082192,26.75980822,310,423,260,236939.497,595,0.0,0.755476318,3,0.008,0.008,0.054,0.93
13.8,74.4,12.10082192,26.75980822,310,423,260,251351.4827,595,0.0,0.749985157,3,0.008,0.008,0.058,0.926
13.8,74.5,12.10082192,26.75980822,310,423,260,199766.3282,595,0.0,0.769639796,3,0.004,0.012,0.044,0.94
13.8,74.6,12.10082192,26.75980822,310,423,260,212570.4339,595,0.0,0.764761259,3,0.006,0.012,0.05,0.932
13.8,74.7,9.040383562,23.95835616,266,481,252,214170.4072,47,89.99662018,0.547639738,3,0.006,0.022,0.074,0.898
13.8,74.8,9.040383562,23.95835616,308,460,232,181594.2626,37,89.96816254,0.579023038,3,0.0,0.004,0.074,0.922
13.8,74.9,9.040383562,23.95835616,259,461,280,167303.5664,162,89.99654388,0.55423697,3,0.0,0.002,0.028,0.97
13.8,75.0,9.040383562,23.95835616,241,472,287,188054.8625,584,89.96816254,0.481075576,3,0.004,0.01,0.034,0.952
13.8,75.1,9.040383562,23.95835616,245,471,284,242672.1324,643,89.9949646,0.453576378,3,0.0,0.008,0.026,0.966
13.8,75.2,9.040383562,23.95835616,253,448,299,266175.8879,639,89.9949646,0.454215222,3,0.0,0.004,0.02,0.976
13.8,75.3,9.040383562,23.95835616,272,457,271,217555.2675,689,89.99643707,0.468254011,3,0.014,0.008,0.05,0.928
13.8,75.4,4.148931507,23.57112329,275,425,301,85678.58192,672,89.99755096,0.351407952,3,0.0,0.012,0.442,0.546
13.9,74.0,9.450630137,27.89986301,310,423,260,284886.4862,595,0.0,0.639687346,3,0.016,0.04,0.066,0.878
13.9,74.1,12.10082192,26.75980822,310,423,260,240983.2837,595,0.0,0.753935581,3,0.008,0.008,0.052,0.932
13.9,74.2,12.10082192,26.75980822,310,423,260,60967.20542,595,0.0,0.822524131,3,0.0,0.0,0.026,0.974
13.9,74.3,12.10082192,26.75980822,310,423,260,207031.9398,595,0.0,0.7668715,3,0.006,0.012,0.048,0.934
13.9,74.4,12.10082192,26.75980822,310,423,260,251598.1648,595,0.0,0.749891168,3,0.008,0.008,0.058,0.926
13.9,74.5,12.10082192,26.75980822,310,423,260,315242.0877,595,0.0,0.725641977,3,0.036,0.054,0.098,0.812
13.9,74.6,12.10082192,26.75980822,310,423,260,279982.9836,6,89.97748566,0.668994653,3,0.03,0.092,0.066,0.812
13.9,74.7,9.040383562,23.95835616,258,457,284,409234.9364,232,89.99821472,0.453356119,3,0.06,0.068,0.176,0.696
13.9,74.8,9.040383562,23.95835616,274,427,299,30775.15695,317,89.998703,0.599448911,3,0.0,0.0,0.04,0.96
13.9,74.9,9.040383562,23.95835616,254,460,285,208090.0776,606,89.98407745,0.477334514,3,0.0,0.004,0.052,0.944
13.9,75.0,9.040383562,23.95835616,266,429,305,221348.9865,578,89.99227142,0.488736212,3,0.0,0.004,0.008,0.988
13.9,75.1,9.040383562,23.95835616,232,437,331,142986.5108,593,89.99549866,0.505168347,3,0.0,0.018,0.068,0.914
13.9,75.2,9.040383562,23.95835616,269,432,299,116682.4945,722,89.99557495,0.508966465,3,0.0,0.004,0.058,0.938
13.9,75.3,9.040383562,23.95835616,300,400,300,193457.0228,739,89.99407959,0.495247457,3,0.0,0.002,0.034,0.964
13.9,75.4,4.148931507,23.57112329,312,395,293,252191.6929,757,89.99654388,0.295105178,2,0.014,0.236,0.642,0.108
14.0,74.0,9.450630137,27.89986301,310,423,260,349295.3362,595,0.0,0.615146707,3,0.05,0.046,0.168,0.736
14.0,74.1,12.10082192,26.75980822,310,423,260,246968.1004,595,0.0,0.751655285,3,0.008,0.008,0.06,0.924
14.0,74.2,12.10082192,26.75980822,310,423,260,287319.9288,595,0.0,0.736280695,3,0.022,0.044,0.074,0.86
14.0,74.3,12.10082192,26.75980822,310,423,260,180902.2281,595,0.0,0.776827272,3,0.004,0.004,0.024,0.968
14.0,74.4,12.10082192,26.75980822,310,423,260,283871.9445,595,0.0,0.737594424,3,0.02,0.04,0.076,0.864
14.0,74.5,12.10082192,26.75980822,310,423,260,251237.1122,595,0.0,0.750028734,3,0.008,0.008,0.058,0.926
14.0,74.6,12.10082192,26.75980822,267,467,266,136890.1744,135,89.9949646,0.682406165,3,0.0,0.012,0.02,0.968
14.0,74.7,9.040383562,23.95835616,273,435,292,240565.6063,593,89.98873901,0.479422315,3,0.002,0.004,0.012,0.982
14.0,74.8,9.040383562,23.95835616,248,475,277,209339.4384,623,89.99581909,0.468572119,3,0.004,0.02,0.046,0.93
14.0,74.9,9.040383562,23.95835616,310,423,260,239753.4559,576,89.99362946,0.494373547,3,0.0,0.0,0.13,0.87
14.0,75.0,9.040383562,23.95835616,263,421,315,185573.5792,579,89.98575592,0.503716448,3,0.0,0.002,0.038,0.96
14.0,75.1,9.040383562,23.95835616,255,433,313,280391.8324,596,89.99362946,0.459835609,3,0.002,0.02,0.04,0.938
14.0,75.2,9.040383562,23.95835616,242,463,296,266099.4352,626,89.99375153,0.448729006,3,0.002,0.004,0.02,0.974
14.0,75.3,9.040383562,23.95835616,302,430,268,168698.437,665,89.99227142,0.506194558,3,0.0,0.0,0.012,0.988
14.0,75.4,4.148931507,23.57112329,324,402,274,175442.6957,660,89.98575592,0.33857495,2,0.0,0.006,0.962,0.032
14.1,74.0,9.450630137,27.89986301,310,423,260,120629.7659,595,0.0,0.702271369,3,0.0,0.002,0.01,0.988
14.1,74.1,12.10082192,26.75980822,310,423,260,376629.6399,595,0.0,0.702252492,3,0.058,0.042,0.176,0.724
14.1,74.2,12.10082192,26.75980822,310,423,260,106214.7776,595,0.0,0.805284197,3,0.002,0.0,0.024,0.974
14.1,74.3,12.10082192,26.75980822,310,423,260,237372.192,595,0.0,0.755311455,3,0.008,0.008,0.054,0.93
14.1,74.4,12.10082192,26.75980822,310,423,260,216353.5292,595,0.0,0.763319849,3,0.006,0.012,0.048,0.934
14.1,74.5,12.10082192,26.75980822,313,410,277,139625.0467,11,89.98407745,0.727538015,3,0.0,0.01,0.026,0.964
14.1,74.6,12.10082192,26.75980822,285,474,242,383351.8292,90,89.99645996,0.597387064,3,0.18,0.124,0.08,0.616
14.1,74.7,9.040383562,23.95835616,245,455,300,174459.4364,194,89.99794769,0.545284825,3,0.0,0.008,0.03,0.962
14.1,74.8,9.040383562,23.95835616,251,458,291,194852.3539,564,89.99733734,0.488012857,3,0.002,0.004,0.008,0.986
14.1,74.9,9.040383562,23.95835616,264,436,300,279268.9367,553,89.98407745,0.467432071,3,0.002,0.02,0.054,0.924
14.1,75.0,9.040383562,23.95835616,240,460,300,121192.6979,622,89.99227142,0.504714474,3,0.002,0.008,0.074,0.916
14.1,75.1,9.040383562,23.95835616,256,458,286,122321.0178,689,89.99407959,0.50002,3,0.0,0.004,0.068,0.928
14.1,75.2,9.040383562,23.95835616,245,485,270,239154.8421,644,89.99407959,0.450557563,3,0.01,0.016,0.08,0.894
14.1,75.3,9.040383562,23.95835616,286,419,295,210199.7365,744,89.99204254,0.478765886,3,0.0,0.002,0.026,0.972
14.1,75.4,4.148931507,23.57112329,322,422,256,402997.5417,696,89.99375153,0.24041456,1,0.318,0.42,0.226,0.036
14.2,74.0,9.450630137,27.89986301,310,423,260,324881.4237,595,0.0,0.624448737,3,0.044,0.058,0.114,0.784
14.2,74.1,12.10082192,26.75980822,310,423,260,266484.2722,595,0.0,0.744219361,3,0.008,0.018,0.064,0.91
14.2,74.2,12.10082192,26.75980822,310,423,260,273413.4591,595,0.0,0.741579247,3,0.008,0.018,0.066,0.908
14.2,74.3,12.10082192,26.75980822,310,423,260,305650.4654,595,0.0,0.729296514,3,0.018,0.052,0.082,0.848
14.2,74.4,12.10082192,26.75980822,310,423,260,75864.09817,595,0.0,0.816848214,3,0.0,0.0,0.028,0.972
14.2,74.5,12.10082192,26.75980822,296,448,256,266975.0333,81,89.99581909,0.653549838,3,0.014,0.054,0.038,0.894
14.2,74.6,12.10082192,26.75980822,288,443,269,250063.1599,90,89.99626923,0.658170132,3,0.004,0.03,0.03,0.936
14.2,74.7,9.040383562,23.95835616,307,409,283,252070.416,107,89.99761963,0.557605886,3,0.0,0.01,0.058,0.932
14.2,74.8,9.040383562,23.95835616,222,457,321,299536.529,495,89.99375153,0.450140739,3,0.016,0.06,0.094,0.83
14.2,74.9,9.040383562,23.95835616,270,440,290,124688.6828,573,89.99116516,0.52398099,3,0.0,0.008,0.044,0.948
14.2,75.0,9.040383562,23.95835616,271,441,288,241964.2937,572,89.97748566,0.479417911,3,0.0,0.002,0.014,0.984
14.2,75.1,9.040383562,23.95835616,247,472,281,276042.0152,648,89.99227142,0.440414314,3,0.004,0.022,0.05,0.924
14.2,75.2,9.040383562,23.95835616,267,432,302,229415.0927,724,89.99798584,0.465359364,3,0.0,0.002,0.024,0.974
14.2,75.3,9.040383562,23.95835616,322,391,286,214563.602,616,89.99288177,0.512261566,3,0.0,0.004,0.03,0.966
14.2,75.4,4.148931507,23.57112329,301,433,266,66413.46739,699,89.99745941,0.359384104,3,0.002,0.052,0.398,0.548
14.3,74.0,8.666520548,27.73328767,310,423,260,392199.6284,595,0.0,0.569946294,3,0.062,0.044,0.198,0.696
14.3,74.1,9.290739726,26.1110411,310,423,260,305903.279,595,0.0,0.625796092,3,0.016,0.054,0.076,0.854
14.3,74.2,9.290739726,26.1110411,310,423,260,375182.632,595,0.0,0.599399726,3,0.056,0.042,0.15,0.752
14.3,74.3,9.290739726,26.1110411,310,423,260,360748.9578,595,0.0,0.60489915,3,0.056,0.044,0.156,0.744
14.3,74.4,9.290739726,26.1110411,310,423,260,262076.1986,595,0.0,0.6424948,3,0.006,0.022,0.066,0.906
14.3,74.5,9.290739726,26.1110411,264,492,244,258761.6311,68,89.99288177,0.533321815,3,0.02,0.042,0.05,0.888
14.3,74.6,9.290739726,26.1110411,233,443,324,323301.6644,372,89.9990921,0.474098448,3,0.202,0.172,0.114,0.512
14.3,74.7,5.669013699,23.8489589,231,463,306,188872.3275,615,89.99718475,0.352530683,3,0.008,0.028,0.176,0.788
14.3,74.8,5.669013699,23.8489589,248,457,295,335069.5874,549,89.99524689,0.312078149,3,0.024,0.042,0.366,0.568
14.3,74.9,5.669013699,23.8489589,298,419,282,190758.5257,591,89.99407959,0.385879968,3,0.0,0.002,0.092,0.906
14.3,75.0,5.669013699,23.8489589,290,421,289,217842.5404,577,89.98575592,0.374907323,3,0.0,0.002,0.046,0.952
14.3,75.1,5.669013699,23.8489589,261,454,285,216294.6785,610,89.98407745,0.353413995,3,0.002,0.004,0.212,0.782
14.3,75.2,5.669013699,23.8489589,315,395,290,332563.2912,684,89.99204254,0.331117407,3,0.022,0.038,0.334,0.606
14.3,75.3,5.669013699,23.8489589,315,385,300,171155.5838,624,89.98873901,0.403776571,3,0.0,0.0,0.03,0.97
14.3,75.4,3.26290411,24.65082192,387,337,276,322256.3876,592,89.98575592,0.295493853,1,0.018,0.918,0.062,0.002
14.4,74.0,8.666520548,27.73328767,310,423,260,380028.7751,595,0.0,0.574583553,3,0.06,0.04,0.172,0.728
14.4,74.1,9.290739726,26.1110411,310,423,260,365531.4512,595,0.0,0.603076956,3,0.056,0.044,0.156,0.744
14.4,74.2,9.290739726,26.1110411,310,423,260,245451.3655,595,0.0,0.648829085,3,0.006,0.012,0.062,0.92
14.4,74.3,9.290739726,26.1110411,310,423,260,288015.081,595,0.0,0.632611737,3,0.02,0.046,0.068,0.866
14.4,74.4,9.290739726,26.1110411,310,423,260,301877.4879,2,89.98407745,0.557779965,3,0.034,0.136,0.07,0.76
14.4,74.5,9.290739726,26.1110411,249,441,309,544443.6011,27,89.99626923,0.441312061,3,0.188,0.106,0.072,0.634
14.4,74.6,9.290739726,26.1110411,262,455,282,234492.6601,193,89.99886322,0.536094987,3,0.03,0.056,0.084,0.83
14.4,74.7,5.669013699,23.8489589,244,433,322,321989.3871,308,89.9990387,0.355779492,3,0.038,0.078,0.29,0.594
14.4,74.8,5.669013699,23.8489589,285,426,289,341060.8083,520,89.9949646,0.332846577,3,0.032,0.052,0.366,0.55
14.4,74.9,5.669013699,23.8489589,241,456,303,174253.3329,624,89.99204254,0.361639636,3,0.004,0.006,0.12,0.87
14.4,75.0,5.669013699,23.8489589,272,450,278,205579.8392,581,89.96816254,0.365565616,3,0.002,0.012,0.07,0.916
14.4,75.1,5.669013699,23.8489589,257,434,309,294587.5337,577,89.9899292,0.333029204,3,0.006,0.022,0.102,0.87
14.4,75.2,5.669013699,23.8489589,357,363,280,221748.2266,583,0.0,0.557764342,3,0.0,0.0,0.046,0.954
14.4,75.3,5.669013699,23.8489589,309,401,290,292492.3482,643,89.99227142,0.348551406,3,0.006,0.018,0.098,0.878
14.4,75.4,3.26290411,24.65082192,310,382,308,180570.319,639,89.99502563,0.309191727,2,0.01,0.428,0.536,0.026
14.5,74.0,8.666520548,27.73328767,310,423,260,305501.6257,595,0.0,0.602979401,3,0.012,0.054,0.072,0.862
14.5,74.1,9.290739726,26.1110411,310,423,260,289573.4859,595,0.0,0.632017963,3,0.02,0.046,0.066,0.868
14.5,74.2,9.290739726,26.1110411,310,423,260,532755.3557,595,0.0,0.539362396,3,0.064,0.05,0.214,0.672
14.5,74.3,9.290739726,26.1110411,310,423,260,343245.2945,595,0.0,0.611568282,3,0.052,0.046,0.152,0.75
14.5,74.4,9.290739726,26.1110411,310,423,260,354858.0705,2,89.97748566,0.537604636,3,0.148,0.136,0.124,0.592
14.5,74.5,9.290739726,26.1110411,282,430,289,273260.3927,48,89.99720764,0.554110624,3,0.01,0.05,0.034,0.906
14.5,74.6,9.290739726,26.1110411,256,443,301,308797.6408,523,89.99700165,0.465217651,3,0.152,0.142,0.062,0.644
14.5,74.7,5.669013699,23.8489589,263,459,278,339714.7626,592,89.99116516,0.307837553,2,0.008,0.054,0.55,0.388
14.5,74.8,5.669013699,23.8489589,248,459,293,491326.3841,488,89.99407959,0.260213664,3,0.064,0.078,0.332,0.526
14.5,74.9,5.669013699,23.8489589,254,450,297,315111.4805,575,89.99687958,0.319997568,3,0.018,0.052,0.232,0.698
14.5,75.0,5.669013699,23.8489589,238,459,303,76217.42506,573,89.98873901,0.404218077,3,0.002,0.016,0.074,0.908
14.5,75.1,5.669013699,23.8489589,291,430,279,272635.9652,581,89.99227142,0.351024847,3,0.002,0.01,0.048,0.94
14.5,75.2,5.669013699,23.8489589,305,397,298,150023.7893,619,89.99362946,0.406238217,3,0.0,0.006,0.048,0.946
14.5,75.3,5.669013699,23.8489589,344,392,264,279292.0343,594,89.96816254,0.372217569,3,0.0,0.014,0.158,0.828
14.5,75.4,3.26290411,24.65082192,295,361,344,270873.3542,612,89.99116516,0.280832692,1,0.088,0.714,0.184,0.014
14.6,74.0,8.666520548,27.73328767,310,423,260,267048.7377,595,0.0,0.617630469,3,0.004,0.014,0.056,0.926
14.6,74.1,9.290739726,26.1110411,310,423,260,171892.8636,595,0.0,0.676855865,3,0.002,0.004,0.024,0.97
14.6,74.2,9.290739726,26.1110411,310,423,260,194177.3796,595,0.0,0.668365165,3,0.002,0.012,0.036,0.95
14.6,74.3,9.290739726,26.1110411,310,423,260,271141.1985,595,0.0,0.639040913,3,0.006,0.022,0.068,0.904
14.6,74.4,9.290739726,26.1110411,294,388,318,340017.2826,19,89.99475861,0.54830469,3,0.102,0.176,0.096,0.626
14.6,74.5,9.290739726,26.1110411,249,438,313,82667.61508,672,89.99781036,0.530828795,3,0.012,0.056,0.054,0.878
14.6,74.6,9.290739726,26.1110411,284,466,250,339287.8632,497,89.9985199,0.457571386,3,0.264,0.146,0.106,0.484
14.6,74.7,5.669013699,23.8489589,271,473,255,393662.7124,613,89.99288177,0.282169228,2,0.062,0.118,0.532,0.288
14.6,74.8,5.669013699,23.8489589,242,473,284,356477.1543,568,89.99772644,0.294780594,3,0.042,0.072,0.404,0.482
14.6,74.9,5.669013699,23.8489589,265,460,275,89796.49004,574,89.96816254,0.405765289,3,0.0,0.008,0.074,0.918
14.6,75.0,5.669013699,23.8489589,258,462,280,274876.6549,591,89.97748566,0.330475572,3,0.0,0.028,0.16,0.812
14.6,75.1,5.669013699,23.8489589,361,367,272,332596.1571,549,89.99249268,0.37000035,3,0.0,0.04,0.136,0.824
14.6,75.2,5.669013699,23.8489589,339,352,309,213244.543,571,89.98937988,0.41121812,3,0.0,0.004,0.048,0.948
14.6,75.3,5.669013699,23.8489589,338,363,299,109020.3005,588,89.9899292,0.445039095,3,0.0,0.0,0.034,0.966
14.6,75.4,3.26290411,24.65082192,330,388,282,272882.289,644,0.0,0.42680121,3,0.008,0.236,0.026,0.73
14.7,74.0,8.666520548,27.73328767,310,423,260,309178.7189,595,0.0,0.601578379,3,0.018,0.054,0.082,0.846
14.7,74.1,9.290739726,26.1110411,310,423,260,423373.0257,595,0.0,0.581038537,3,0.064,0.048,0.218,0.67
14.7,74.2,9.290739726,26.1110411,310,423,260,225313.3108,595,0.0,0.656501956,3,0.004,0.014,0.054,0.928
14.7,74.3,9.290739726,26.1110411,304,416,280,352321.1413,35,89.99475861,0.535635731,3,0.138,0.14,0.12,0.602
14.7,74.4,9.290739726,26.1110411,257,442,301,295959.5937,177,89.98937988,0.517613309,3,0.076,0.18,0.068,0.676
14.7,74.5,9.290739726,26.1110411,292,422,286,365632.0587,29,89.99375153,0.526402609,3,0.146,0.13,0.126,0.598
14.7,74.6,9.290739726,26.1110411,248,431,320,54770.85558,159,89.99879456,0.612731271,3,0.004,0.018,0.032,0.946
14.7,74.7,5.669013699,23.8489589,253,478,269,295015.6228,535,89.99663544,0.324217748,3,0.048,0.062,0.242,0.648
14.7,74.8,5.669013699,23.8489589,255,438,306,387868.0479,476,89.99544525,0.309293575,3,0.056,0.07,0.35,0.524
14.7,74.9,5.669013699,23.8489589,271,447,282,341107.7051,613,89.99654388,0.310181866,2,0.038,0.038,0.638,0.286
14.7,75.0,5.669013699,23.8489589,271,448,281,170172.6772,631,89.99452972,0.372570769,3,0.0,0.002,0.23,0.768
14.7,75.1,5.669013699,23.8489589,341,393,266,102330.1644,589,89.98575592,0.439197881,3,0.0,0.0,0.082,0.918
14.7,75.2,5.669013699,23.8489589,375,325,300,136077.6805,550,89.98407745,0.461123331,3,0.0,0.0,0.032,0.968
14.7,75.3,5.669013699,23.8489589,375,316,309,76328.6351,574,89.97748566,0.483360479,3,0.0,0.0,0.036,0.964
14.7,75.4,3.26290411,24.65082192,389,317,294,239198.4525,608,89.98873901,0.331528234,2,0.002,0.422,0.558,0.018
14.8,74.0,7.079205479,27.30109589,310,423,260,84020.30184,595,0.0,0.628957487,3,0.0,0.0,0.024,0.976
14.8,74.1,7.355917808,24.93920548,310,423,260,425043.8366,82,89.99900818,0.428780457,3,0.198,0.116,0.072,0.614
14.8,74.2,7.355917808,24.93920548,284,447,270,386293.7132,115,89.99843597,0.42615548,3,0.186,0.114,0.094,0.606
14.8,74.3,7.355917808,24.93920548,244,437,319,280609.8598,311,89.99705505,0.432157424,3,0.068,0.14,0.088,0.704
14.8,74.4,7.355917808,24.93920548,271,426,303,231188.1508,148,89.99795532,0.483536558,3,0.004,0.008,0.032,0.956
14.8,74.5,7.355917808,24.93920548,292,459,249,340244.7621,634,89.99475861,0.371659168,3,0.266,0.13,0.154,0.45
14.8,74.6,7.355917808,24.93920548,303,416,281,378348.1466,99,89.99777222,0.445573609,3,0.16,0.132,0.1,0.608
14.8,74.7,4.357452055,24.3559726,267,421,312,132822.2319,213,89.99832916,0.402316409,3,0.014,0.084,0.45,0.452
14.8,74.8,4.357452055,24.3559726,234,455,311,451557.7985,515,89.99742126,0.22094948,1,0.288,0.438,0.16,0.114
14.8,74.9,4.357452055,24.3559726,263,451,286,330534.6041,538,89.99643707,0.272802157,1,0.168,0.506,0.25,0.076
14.8,75.0,4.357452055,24.3559726,259,467,274,318208.1875,549,89.98873901,0.270135885,1,0.046,0.766,0.154,0.034
14.8,75.1,4.357452055,24.3559726,391,342,267,339522.8717,583,89.98575592,0.329958937,2,0.012,0.24,0.688,0.06
14.8,75.2,4.357452055,24.3559726,384,345,271,73655.19916,544,89.98873901,0.433790151,3,0.0,0.006,0.146,0.848
14.8,75.3,4.357452055,24.3559726,341,400,259,244935.3653,533,89.9899292,0.342076725,2,0.0,0.082,0.85,0.068
14.8,75.4,3.024438356,24.97230137,358,371,271,354655.2743,570,89.99116516,0.259437133,1,0.3,0.66,0.028,0.012
14.9,74.0,7.079205479,27.30109589,310,423,260,388833.3324,595,0.0,0.512819618,3,0.062,0.044,0.208,0.686
14.9,74.1,7.355917808,24.93920548,310,423,260,265223.6639,4,89.99116516,0.500265829,3,0.006,0.038,0.068,0.888
14.9,74.2,7.355917808,24.93920548,280,419,300,169708.2942,7,89.98575592,0.530443102,3,0.0,0.004,0.034,0.962
14.9,74.3,7.355917808,24.93920548,275,423,302,346917.2413,14,89.99116516,0.459587871,3,0.126,0.132,0.118,0.624
14.9,74.4,7.355917808,24.93920548,261,438,301,310171.0253,332,89.99895477,0.42222674,3,0.102,0.18,0.084,0.634
14.9,74.5,7.355917808,24.93920548,321,397,282,302184.3356,81,89.99851227,0.487516116,3,0.032,0.14,0.052,0.776
14.9,74.6,7.355917808,24.93920548,255,453,293,342605.6634,399,89.99204254,0.394832231,3,0.202,0.174,0.146,0.478
14.9,74.7,4.357452055,24.3559726,250,460,290,58231.53221,514,89.99690247,0.373661416,3,0.016,0.178,0.278,0.528
14.9,74.8,4.357452055,24.3559726,263,459,277,378842.9108,468,89.99726868,0.261325639,1,0.21,0.54,0.184,0.066
14.9,74.9,4.357452055,24.3559726,266,429,305,334159.0335,530,89.98873901,0.279949565,1,0.102,0.418,0.39,0.09
14.9,75.0,4.357452055,24.3559726,305,403,292,355093.7942,535,89.9899292,0.289429491,2,0.094,0.304,0.52,0.082
14.9,75.1,4.357452055,24.3559726,288,446,265,166669.0234,620,89.9899292,0.332083589,2,0.01,0.138,0.61,0.242
14.9,75.2,4.357452055,24.3559726,338,377,285,51018.87003,600,89.9899292,0.413023898,3,0.0,0.004,0.12,0.876
14.9,75.3,4.357452055,24.3559726,401,295,304,77122.47363,566,89.96816254,0.449093777,3,0.002,0.008,0.234,0.756
14.9,75.4,3.024438356,24.97230137,416,284,300,358722.4195,546,89.97748566,0.302723058,1,0.202,0.688,0.066,0.044
15.0,74.0,7.079205479,27.30109589,310,423,260,350782.3113,595,0.0,0.527317569,3,0.05,0.046,0.182,0.722
15.0,74.1,7.355917808,24.93920548,273,427,300,369485.569,38,89.9899292,0.446001323,3,0.154,0.11,0.122,0.614
15.0,74.2,7.355917808,24.93920548,307,431,261,406021.0687,92,89.99227142,0.432368725,3,0.186,0.128,0.086,0.6
15.0,74.3,7.355917808,24.93920548,275,411,314,432273.6115,145,89.99855804,0.412908155,3,0.186,0.114,0.086,0.614
15.0,74.4,7.355917808,24.93920548,286,432,283,395109.0941,564,89.99643707,0.366959201,3,0.294,0.08,0.12,0.506
15.0,74.5,7.355917808,24.93920548,257,439,304,447593.1439,645,89.99803925,0.32606112,3,0.312,0.066,0.096,0.526
15.0,74.6,7.355917808,24.93920548,263,438,299,83607.97387,406,89.9973526,0.49904453,3,0.004,0.028,0.084,0.884
15.0,74.7,4.357452055,24.3559726,248,456,296,416849.1928,525,89.99407959,0.236215473,1,0.232,0.518,0.15,0.1
15.0,74.8,4.357452055,24.3559726,270,412,317,294582.9266,511,89.99475861,0.303632442,1,0.082,0.418,0.376,0.124
15.0,74.9,4.357452055,24.3559726,312,412,277,299313.98,490,89.99362946,0.316058823,1,0.03,0.454,0.448,0.068
15.0,75.0,4.357452055,24.3559726,363,377,260,163785.7141,529,89.99249268,0.386279642,3,0.0,0.102,0.44,0.458
15.0,75.1,4.357452055,24.3559726,333,440,227,389918.5778,620,89.99204254,0.260851657,2,0.194,0.348,0.442,0.016
15.0,75.2,4.357452055,24.3559726,338,374,288,292833.9807,628,89.98575592,0.318003887,2,0.02,0.234,0.664,0.082
15.0,75.3,4.357452055,24.3559726,332,332,336,502200.1803,579,89.96816254,0.255998705,2,0.286,0.206,0.422,0.086
15.0,75.4,3.024438356,24.97230137,368,344,288,441247.8801,588,89.99436951,0.234784009,0,0.552,0.412,0.026,0.01
15.1,74.0,7.079205479,27.30109589,289,418,292,464675.7832,381,89.9978714,0.359807143,3,0.272,0.132,0.136,0.46
15.1,74.1,7.355917808,24.93920548,299,420,281,282845.1214,106,89.99557495,0.478753331,3,0.03,0.12,0.048,0.802
15.1,74.2,7.355917808,24.93920548,288,429,283,441535.2117,63,0.0,0.568497859,3,0.044,0.058,0.182,0.716
15.1,74.3,7.355917808,24.93920548,320,416,264,401938.2352,712,89.99249268,0.357942392,3,0.3,0.11,0.132,0.458
15.1,74.4,7.355917808,24.93920548,262,449,289,300681.1726,639,89.98937988,0.381166301,3,0.108,0.152,0.074,0.666
15.1,74.5,7.355917808,24.93920548,256,465,280,406045.3922,490,89.99821472,0.354951378,3,0.272,0.11,0.11,0.508
15.1,74.6,7.355917808,24.93920548,257,444,299,221722.5287,566,89.9990387,0.421324628,3,0.022,0.028,0.058,0.892
15.1,74.7,4.357452055,24.3559726,271,436,292,338630.5959,443,89.99407959,0.28909458,1,0.122,0.468,0.308,0.102
15.1,74.8,4.357452055,24.3559726,319,414,267,57140.962,459,89.9949646,0.413627055,3,0.004,0.016,0.118,0.862
15.1,74.9,4.357452055,24.3559726,343,395,262,396607.2503,565,89.97748566,0.28200504,1,0.122,0.442,0.392,0.044
15.1,75.0,4.357452055,24.3559726,361,377,262,323297.2372,543,89.99375153,0.323075058,1,0.006,0.634,0.314,0.046
15.1,75.1,4.357452055,24.3559726,324,426,250,328255.049,662,89.99227142,0.280499803,1,0.084,0.474,0.386,0.056
15.1,75.2,4.357452055,24.3559726,361,342,298,376850.7001,724,89.99690247,0.288827815,1,0.068,0.726,0.172,0.034
15.1,75.3,4.357452055,24.3559726,359,340,301,101903.0749,633,89.98575592,0.405874229,3,0.0,0.0,0.164,0.836
15.1,75.4,3.024438356,24.97230137,351,331,318,377112.5447,664,89.99524689,0.248349032,0,0.522,0.46,0.01,0.008
15.2,74.0,7.079205479,27.30109589,358,349,293,347926.9474,9,89.99288177,0.493927253,3,0.04,0.256,0.094,0.61
15.2,74.1,7.355917808,24.93920548,352,374,274,249933.7489,37,89.97748566,0.528547078,3,0.0,0.044,0.06,0.896
15.2,74.2,7.355917808,24.93920548,313,394,293,442121.0589,84,89.99690247,0.432588615,3,0.184,0.12,0.088,0.608
15.2,74.3,7.355917808,24.93920548,266,447,286,382038.0432,540,89.998909,0.365089572,3,0.274,0.106,0.134,0.486
15.2,74.4,7.355917808,24.93920548,309,424,267,376456.4158,779,89.99824524,0.353238329,3,0.27,0.124,0.134,0.472
15.2,74.5,7.355917808,24.93920548,310,423,260,200291.2361,544,89.99629211,0.451760524,3,0.002,0.012,0.104,0.882
15.2,74.6,7.355917808,24.93920548,252,456,292,426910.7009,544,89.9949646,0.341195147,3,0.278,0.114,0.1,0.508
15.2,74.7,4.357452055,24.3559726,310,423,260,400119.2963,437,0.0,0.42979427,3,0.09,0.236,0.206,0.468
15.2,74.8,4.357452055,24.3559726,345,376,279,372787.8907,531,89.98937988,0.301933297,2,0.024,0.384,0.534,0.058
15.2,74.9,4.357452055,24.3559726,365,386,249,257549.5542,504,89.99116516,0.351758934,2,0.006,0.238,0.676,0.08
15.2,75.0,4.357452055,24.3559726,381,371,248,407318.1111,541,89.96816254,0.298463625,2,0.124,0.37,0.482,0.024
15.2,75.1,4.357452055,24.3559726,347,379,274,370765.977,582,89.97748566,0.295429077,2,0.032,0.332,0.556,0.08
15.2,75.2,4.357452055,24.3559726,349,319,332,386722.4962,629,89.9899292,0.301588373,2,0.116,0.162,0.69,0.032
15.2,75.3,4.357452055,24.3559726,366,336,298,249472.0319,629,89.98575592,0.353245044,2,0.004,0.13,0.78,0.086
15.2,75.4,3.024438356,24.97230137,361,335,305,286571.658,636,89.99116516,0.288230592,1,0.048,0.916,0.03,0.006
15.3,74.0,6.490767123,27.2849863,324,355,321,349832.6504,8,89.99643707,0.460896029,3,0.096,0.212,0.094,0.598
15.3,74.1,5.322767123,24.81783562,296,411,293,427939.1772,59,89.99738312,0.356951293,3,0.224,0.164,0.182,0.43
15.3,74.2,5.322767123,24.81783562,305,388,307,386343.9313,68,89.99591827,0.380896921,3,0.208,0.178,0.148,0.466
15.3,74.3,5.322767123,24.81783562,279,432,289,426696.059,414,89.99790955,0.298454828,0,0.342,0.188,0.24,0.23
15.3,74.4,5.322767123,24.81783562,268,438,294,84541.67481,782,89.99591827,0.374200942,3,0.018,0.116,0.276,0.59
15.3,74.5,5.322767123,24.81783562,310,423,260,201198.2267,544,0.0,0.526595336,3,0.0,0.018,0.168,0.814
15.3,74.6,5.322767123,24.81783562,281,423,296,156367.1615,475,89.98575592,0.396444635,3,0.012,0.07,0.366,0.552
15.3,74.7,3.431232877,24.39389041,301,430,269,379000.7391,493,89.9899292,0.242730987,1,0.318,0.496,0.16,0.026
15.3,74.8,3.431232877,24.39389041,360,354,286,354634.1989,529,89.98407745,0.285644419,1,0.128,0.698,0.15,0.024
15.3,74.9,3.431232877,24.39389041,321,386,293,471525.0158,630,89.99475861,0.207444546,0,0.796,0.15,0.04,0.014
15.3,75.0,3.431232877,24.39389041,325,408,267,379487.4959,575,89.9899292,0.244395893,1,0.3,0.538,0.126,0.036
15.3,75.1,3.431232877,24.39389041,309,419,272,227601.2931,619,89.98873901,0.288759928,2,0.082,0.208,0.682,0.028
15.3,75.2,3.431232877,24.39389041,415,294,290,375613.2585,611,89.98937988,0.298990994,1,0.098,0.78,0.08,0.042
15.3,75.3,3.431232877,24.39389041,406,288,306,160492.2383,598,89.98575592,0.382308588,2,0.01,0.066,0.688,0.236
15.3,75.4,2.654356164,25.13816438,371,299,330,374662.674,624,89.96816254,0.256068265,0,0.81,0.164,0.01,0.016
15.4,74.0,6.490767123,27.2849863,310,423,260,410660.568,33,89.98873901,0.409087949,3,0.192,0.13,0.112,0.566
15.4,74.1,5.322767123,24.81783562,325,373,302,450220.7625,56,89.9899292,0.368000156,3,0.23,0.16,0.14,0.47
15.4,74.2,5.322767123,24.81783562,283,419,298,396891.4906,84,89.96816254,0.359594681,3,0.202,0.166,0.194,0.438
15.4,74.3,5.322767123,24.81783562,283,421,296,282557.0359,658,89.99204254,0.324666203,3,0.172,0.198,0.256,0.374
15.4,74.4,5.322767123,24.81783562,273,400,327,400271.4127,585,89.99468994,0.29341021,0,0.39,0.142,0.206,0.262
15.4,74.5,5.322767123,24.81783562,286,424,291,142292.8038,671,89.98873901,0.376385929,3,0.02,0.124,0.354,0.502
15.4,74.6,5.322767123,24.81783562,279,426,295,298473.0165,709,89.99549866,0.309115139,3,0.194,0.208,0.276,0.322
15.4,74.7,3.431232877,24.39389041,323,425,252,349142.715,599,0.0,0.397029577,3,0.102,0.254,0.086,0.558
15.4,74.8,3.431232877,24.39389041,350,381,269,80925.64749,588,89.99562073,0.371123621,3,0.016,0.046,0.36,0.578
15.4,74.9,3.431232877,24.39389041,319,400,281,214589.7371,647,89.99116516,0.298288216,2,0.054,0.184,0.724,0.038
15.4,75.0,3.431232877,24.39389041,305,413,282,395290.6486,692,89.99502563,0.215712209,0,0.748,0.176,0.054,0.022
15.4,75.1,3.431232877,24.39389041,297,425,278,287125.67,651,89.99407959,0.256754569,1,0.228,0.484,0.246,0.042
15.4,75.2,3.431232877,24.39389041,383,291,326,420054.0601,618,89.9899292,0.273718596,0,0.654,0.198,0.136,0.012
15.4,75.3,3.431232877,24.39389041,400,275,325,372012.6331,585,89.98873901,0.3058145,1,0.34,0.534,0.114,0.012
15.4,75.4,2.654356164,25.13816438,374,349,277,220945.1413,606,89.99227142,0.302740754,1,0.002,0.822,0.174,0.002
