ID,Latitude,Longitude,Elevation
1,12.0,75.0,595.0
2,12.0,75.1,595.0
3,12.0,75.2,595.0
4,12.0,75.3,595.0
5,12.0,75.4,595.0
6,12.0,75.5,595.0
7,12.0,75.6,595.0
8,12.0,75.7,595.0
9,12.0,75.8,595.0
10,12.0,75.9,595.0
11,12.0,76.0,595.0
12,12.0,76.1,595.0
13,12.0,76.2,595.0
14,12.0,76.3,595.0
15,12.0,76.4,595.0
16,12.0,76.5,595.0
17,12.0,76.6,595.0
18,12.0,76.7,595.0
19,12.0,76.8,595.0
20,12.0,76.9,595.0
21,12.0,77.0,595.0
22,12.0,77.1,595.0
23,12.0,77.2,595.0
24,12.0,77.3,595.0
25,12.0,77.4,595.0
26,12.0,77.5,595.0
27,12.0,77.6,595.0
28,12.0,77.7,595.0
29,12.0,77.8,595.0
30,12.0,77.9,595.0
31,12.0,78.0,595.0
32,12.0,78.1,595.0
33,12.0,78.2,595.0
34,12.0,78.3,595.0
35,12.0,78.4,595.0
36,12.1,75.0,0.0
37,12.1,75.1,0.0
38,12.1,75.2,11.0
39,12.1,75.3,41.0
40,12.1,75.4,138.0
41,12.1,75.5,101.0
42,12.1,75.6,181.0
43,12.1,75.7,556.0
44,12.1,75.8,443.0
45,12.1,75.9,809.0
46,12.1,76.0,853.0
47,12.1,76.1,871.0
48,12.1,76.2,813.0
49,12.1,76.3,725.0
50,12.1,76.4,672.0
51,12.1,76.5,680.0
52,12.1,76.6,687.0
53,12.1,76.7,659.0
54,12.1,76.8,675.0
55,12.1,76.9,688.0
56,12.1,77.0,658.0
57,12.1,77.1,741.0
58,12.1,77.2,674.0
59,12.1,77.3,646.0
60,12.1,77.4,604.0
61,12.1,77.5,593.0
62,12.1,77.6,872.0
63,12.1,77.7,431.0
64,12.1,77.8,508.0
65,12.1,77.9,494.0
66,12.1,78.0,477.0
67,12.1,78.1,448.0
68,12.1,78.2,500.0
69,12.1,78.3,455.0
70,12.1,78.4,425.0
71,12.2,75.0,0.0
72,12.2,75.1,0.0
73,12.2,75.2,24.0
74,12.2,75.3,50.0
75,12.2,75.4,79.0
76,12.2,75.5,212.0
77,12.2,75.6,959.0
78,12.2,75.7,1104.0
79,12.2,75.8,887.0
80,12.2,75.9,858.0
81,12.2,76.0,827.0
82,12.2,76.1,859.0
83,12.2,76.2,809.0
84,12.2,76.3,757.0
85,12.2,76.4,709.0
86,12.2,76.5,733.0
87,12.2,76.6,744.0
88,12.2,76.7,670.0
89,12.2,76.8,671.0
90,12.2,76.9,655.0
91,12.2,77.0,642.0
92,12.2,77.1,637.0
93,12.2,77.2,827.0
94,12.2,77.3,636.0
95,12.2,77.4,599.0
96,12.2,77.5,391.0
97,12.2,77.6,282.0
98,12.2,77.7,430.0
99,12.2,77.8,395.0
100,12.2,77.9,416.0
101,12.2,78.0,735.0
102,12.2,78.1,475.0
103,12.2,78.2,438.0
104,12.2,78.3,420.0
105,12.2,78.4,392.0
106,12.3,75.0,0.0
107,12.3,75.1,11.0
108,12.3,75.2,69.0
109,12.3,75.3,60.0
110,12.3,75.4,57.0
111,12.3,75.5,400.0
112,12.3,75.6,1115.0
113,12.3,75.7,891.0
114,12.3,75.8,859.0
115,12.3,75.9,959.0
116,12.3,76.0,951.0
117,12.3,76.1,866.0
118,12.3,76.2,819.0
119,12.3,76.3,801.0
120,12.3,76.4,805.0
121,12.3,76.5,821.0
122,12.3,76.6,756.0
123,12.3,76.7,774.0
124,12.3,76.8,692.0
125,12.3,76.9,748.0
126,12.3,77.0,668.0
127,12.3,77.1,627.0
128,12.3,77.2,502.0
129,12.3,77.3,388.0
130,12.3,77.4,528.0
131,12.3,77.5,492.0
132,12.3,77.6,599.0
133,12.3,77.7,457.0
134,12.3,77.8,847.0
135,12.3,77.9,987.0
136,12.3,78.0,525.0
137,12.3,78.1,485.0
138,12.3,78.2,456.0
139,12.3,78.3,417.0
140,12.3,78.4,435.0
141,12.4,75.0,0.0
142,12.4,75.1,85.0
143,12.4,75.2,124.0
144,12.4,75.3,482.0
145,12.4,75.4,793.0
146,12.4,75.5,1080.0
147,12.4,75.6,1260.0
148,12.4,75.7,917.0
149,12.4,75.8,1030.0
150,12.4,75.9,865.0
151,12.4,76.0,882.0
152,12.4,76.1,883.0
153,12.4,76.2,867.0
154,12.4,76.3,822.0
155,12.4,76.4,776.0
156,12.4,76.5,780.0
157,12.4,76.6,722.0
158,12.4,76.7,675.0
159,12.4,76.8,675.0
160,12.4,76.9,706.0
161,12.4,77.0,649.0
162,12.4,77.1,614.0
163,12.4,77.2,589.0
164,12.4,77.3,717.0
165,12.4,77.4,612.0
166,12.4,77.5,678.0
167,12.4,77.6,719.0
168,12.4,77.7,637.0
169,12.4,77.8,835.0
170,12.4,77.9,1108.0
171,12.4,78.0,584.0
172,12.4,78.1,648.0
173,12.4,78.2,481.0
174,12.4,78.3,463.0
175,12.4,78.4,408.0
176,12.5,75.0,-2.0
177,12.5,75.1,93.0
178,12.5,75.2,210.0
179,12.5,75.3,169.0
180,12.5,75.4,236.0
181,12.5,75.5,188.0
182,12.5,75.6,580.0
183,12.5,75.7,1044.0
184,12.5,75.8,1012.0
185,12.5,75.9,907.0
186,12.5,76.0,865.0
187,12.5,76.1,896.0
188,12.5,76.2,832.0
189,12.5,76.3,780.0
190,12.5,76.4,761.0
191,12.5,76.5,782.0
192,12.5,76.6,768.0
193,12.5,76.7,728.0
194,12.5,76.8,731.0
195,12.5,76.9,669.0
196,12.5,77.0,655.0
197,12.5,77.1,619.0
198,12.5,77.2,628.0
199,12.5,77.3,740.0
200,12.5,77.4,644.0
201,12.5,77.5,749.0
202,12.5,77.6,854.0
203,12.5,77.7,924.0
204,12.5,77.8,868.0
205,12.5,77.9,698.0
206,12.5,78.0,689.0
207,12.5,78.1,555.0
208,12.5,78.2,529.0
209,12.5,78.3,484.0
210,12.5,78.4,459.0
211,12.6,75.0,61.0
212,12.6,75.1,76.0
213,12.6,75.2,109.0
214,12.6,75.3,117.0
215,12.6,75.4,204.0
216,12.6,75.5,203.0
217,12.6,75.6,159.0
218,12.6,75.7,1235.0
219,12.6,75.8,1139.0
220,12.6,75.9,1032.0
221,12.6,76.0,861.0
222,12.6,76.1,804.0
223,12.6,76.2,833.0
224,12.6,76.3,813.0
225,12.6,76.4,762.0
226,12.6,76.5,789.0
227,12.6,76.6,863.0
228,12.6,76.7,788.0
229,12.6,76.8,721.0
230,12.6,76.9,706.0
231,12.6,77.0,645.0
232,12.6,77.1,643.0
233,12.6,77.2,644.0
234,12.6,77.3,773.0
235,12.6,77.4,643.0
236,12.6,77.5,676.0
237,12.6,77.6,963.0
238,12.6,77.7,888.0
239,12.6,77.8,897.0
240,12.6,77.9,834.0
241,12.6,78.0,717.0
242,12.6,78.1,647.0
243,12.6,78.2,592.0
244,12.6,78.3,532.0
245,12.6,78.4,574.0
246,12.7,75.0,131.0
247,12.7,75.1,120.0
248,12.7,75.2,135.0
249,12.7,75.3,101.0
250,12.7,75.4,95.0
251,12.7,75.5,125.0
252,12.7,75.6,145.0
253,12.7,75.7,577.0
254,12.7,75.8,1005.0
255,12.7,75.9,1031.0
256,12.7,76.0,946.0
257,12.7,76.1,905.0
258,12.7,76.2,892.0
259,12.7,76.3,853.0
260,12.7,76.4,786.0
261,12.7,76.5,823.0
262,12.7,76.6,874.0
263,12.7,76.7,842.0
264,12.7,76.8,756.0
265,12.7,76.9,700.0
266,12.7,77.0,657.0
267,12.7,77.1,674.0
268,12.7,77.2,820.0
269,12.7,77.3,674.0
270,12.7,77.4,676.0
271,12.7,77.5,740.0
272,12.7,77.6,785.0
273,12.7,77.7,926.0
274,12.7,77.8,891.0
275,12.7,77.9,814.0
276,12.7,78.0,730.0
277,12.7,78.1,714.0
278,12.7,78.2,584.0
279,12.7,78.3,736.0
280,12.7,78.4,639.0
281,12.8,75.0,83.0
282,12.8,75.1,163.0
283,12.8,75.2,105.0
284,12.8,75.3,89.0
285,12.8,75.4,116.0
286,12.8,75.5,232.0
287,12.8,75.6,474.0
288,12.8,75.7,909.0
289,12.8,75.8,949.0
290,12.8,75.9,924.0
291,12.8,76.0,882.0
292,12.8,76.1,880.0
293,12.8,76.2,850.0
294,12.8,76.3,834.0
295,12.8,76.4,848.0
296,12.8,76.5,859.0
297,12.8,76.6,952.0
298,12.8,76.7,880.0
299,12.8,76.8,777.0
300,12.8,76.9,694.0
301,12.8,77.0,659.0
302,12.8,77.1,725.0
303,12.8,77.2,765.0
304,12.8,77.3,762.0
305,12.8,77.4,728.0
306,12.8,77.5,754.0
307,12.8,77.6,907.0
308,12.8,77.7,880.0
309,12.8,77.8,865.0
310,12.8,77.9,841.0
311,12.8,78.0,853.0
312,12.8,78.1,655.0
313,12.8,78.2,693.0
314,12.8,78.3,749.0
315,12.8,78.4,665.0
316,12.9,75.0,37.0
317,12.9,75.1,151.0
318,12.9,75.2,77.0
319,12.9,75.3,83.0
320,12.9,75.4,108.0
321,12.9,75.5,176.0
322,12.9,75.6,468.0
323,12.9,75.7,994.0
324,12.9,75.8,921.0
325,12.9,75.9,1063.0
326,12.9,76.0,888.0
327,12.9,76.1,956.0
328,12.9,76.2,894.0
329,12.9,76.3,910.0
330,12.9,76.4,835.0
331,12.9,76.5,869.0
332,12.9,76.6,895.0
333,12.9,76.7,853.0
334,12.9,76.8,767.0
335,12.9,76.9,733.0
336,12.9,77.0,722.0
337,12.9,77.1,819.0
338,12.9,77.2,821.0
339,12.9,77.3,831.0
340,12.9,77.4,822.0
341,12.9,77.5,844.0
342,12.9,77.6,895.0
343,12.9,77.7,906.0
344,12.9,77.8,884.0
345,12.9,77.9,881.0
346,12.9,78.0,891.0
347,12.9,78.1,811.0
348,12.9,78.2,790.0
349,12.9,78.3,793.0
350,12.9,78.4,738.0
351,13.0,75.0,61.0
352,13.0,75.1,82.0
353,13.0,75.2,89.0
354,13.0,75.3,94.0
355,13.0,75.4,154.0
356,13.0,75.5,419.0
357,13.0,75.6,949.0
358,13.0,75.7,972.0
359,13.0,75.8,950.0
360,13.0,75.9,989.0
361,13.0,76.0,918.0
362,13.0,76.1,942.0
363,13.0,76.2,961.0
364,13.0,76.3,914.0
365,13.0,76.4,878.0
366,13.0,76.5,901.0
367,13.0,76.6,856.0
368,13.0,76.7,801.0
369,13.0,76.8,768.0
370,13.0,76.9,735.0
371,13.0,77.0,755.0
372,13.0,77.1,789.0
373,13.0,77.2,918.0
374,13.0,77.3,862.0
375,13.0,77.4,850.0
376,13.0,77.5,903.0
377,13.0,77.6,927.0
378,13.0,77.7,888.0
379,13.0,77.8,887.0
380,13.0,77.9,902.0
381,13.0,78.0,869.0
382,13.0,78.1,1028.0
383,13.0,78.2,833.0
384,13.0,78.3,805.0
385,13.0,78.4,770.0
386,13.1,75.0,121.0
387,13.1,75.1,93.0
388,13.1,75.2,200.0
389,13.1,75.3,614.0
390,13.1,75.4,472.0
391,13.1,75.5,719.0
392,13.1,75.6,930.0
393,13.1,75.7,944.0
394,13.1,75.8,1033.0
395,13.1,75.9,970.0
396,13.1,76.0,979.0
397,13.1,76.1,1003.0
398,13.1,76.2,961.0
399,13.1,76.3,925.0
400,13.1,76.4,881.0
401,13.1,76.5,853.0
402,13.1,76.6,836.0
403,13.1,76.7,796.0
404,13.1,76.8,754.0
405,13.1,76.9,787.0
406,13.1,77.0,797.0
407,13.1,77.1,793.0
408,13.1,77.2,862.0
409,13.1,77.3,881.0
410,13.1,77.4,873.0
411,13.1,77.5,860.0
412,13.1,77.6,891.0
413,13.1,77.7,908.0
414,13.1,77.8,889.0
415,13.1,77.9,913.0
416,13.1,78.0,902.0
417,13.1,78.1,858.0
418,13.1,78.2,835.0
419,13.1,78.3,808.0
420,13.1,78.4,800.0
421,13.2,75.0,85.0
422,13.2,75.1,75.0
423,13.2,75.2,836.0
424,13.2,75.3,868.0
425,13.2,75.4,872.0
426,13.2,75.5,931.0
427,13.2,75.6,789.0
428,13.2,75.7,1133.0
429,13.2,75.8,987.0
430,13.2,75.9,1008.0
431,13.2,76.0,876.0
432,13.2,76.1,937.0
433,13.2,76.2,915.0
434,13.2,76.3,902.0
435,13.2,76.4,864.0
436,13.2,76.5,845.0
437,13.2,76.6,819.0
438,13.2,76.7,797.0
439,13.2,76.8,780.0
440,13.2,76.9,793.0
441,13.2,77.0,805.0
442,13.2,77.1,815.0
443,13.2,77.2,901.0
444,13.2,77.3,887.0
445,13.2,77.4,903.0
446,13.2,77.5,881.0
447,13.2,77.6,918.0
448,13.2,77.7,897.0
449,13.2,77.8,885.0
450,13.2,77.9,909.0
451,13.2,78.0,841.0
452,13.2,78.1,846.0
453,13.2,78.2,807.0
454,13.2,78.3,809.0
455,13.2,78.4,777.0
456,13.3,75.0,46.0
457,13.3,75.1,735.0
458,13.3,75.2,1001.0
459,13.3,75.3,1108.0
460,13.3,75.4,864.0
461,13.3,75.5,762.0
462,13.3,75.6,787.0
463,13.3,75.7,1208.0
464,13.3,75.8,1012.0
465,13.3,75.9,1175.0
466,13.3,76.0,822.0
467,13.3,76.1,819.0
468,13.3,76.2,879.0
469,13.3,76.3,821.0
470,13.3,76.4,854.0
471,13.3,76.5,857.0
472,13.3,76.6,860.0
473,13.3,76.7,835.0
474,13.3,76.8,830.0
475,13.3,76.9,774.0
476,13.3,77.0,793.0
477,13.3,77.1,805.0
478,13.3,77.2,863.0
479,13.3,77.3,905.0
480,13.3,77.4,927.0
481,13.3,77.5,882.0
482,13.3,77.6,927.0
483,13.3,77.7,932.0
484,13.3,77.8,886.0
485,13.3,77.9,907.0
486,13.3,78.0,862.0
487,13.3,78.1,841.0
488,13.3,78.2,819.0
489,13.3,78.3,820.0
490,13.3,78.4,816.0
491,13.4,75.0,51.0
492,13.4,75.1,492.0
493,13.4,75.2,655.0
494,13.4,75.3,676.0
495,13.4,75.4,866.0
496,13.4,75.5,796.0
497,13.4,75.6,1242.0
498,13.4,75.7,1257.0
499,13.4,75.8,1112.0
500,13.4,75.9,914.0
501,13.4,76.0,867.0
502,13.4,76.1,765.0
503,13.4,76.2,774.0
504,13.4,76.3,1037.0
505,13.4,76.4,823.0
506,13.4,76.5,754.0
507,13.4,76.6,820.0
508,13.4,76.7,845.0
509,13.4,76.8,822.0
510,13.4,76.9,825.0
511,13.4,77.0,802.0
512,13.4,77.1,816.0
513,13.4,77.2,875.0
514,13.4,77.3,821.0
515,13.4,77.4,877.0
516,13.4,77.5,855.0
517,13.4,77.6,867.0
518,13.4,77.7,958.0
519,13.4,77.8,916.0
520,13.4,77.9,895.0
521,13.4,78.0,936.0
522,13.4,78.1,841.0
523,13.4,78.2,847.0
524,13.4,78.3,855.0
525,13.4,78.4,819.0
526,13.5,75.0,88.0
527,13.5,75.1,689.0
528,13.5,75.2,644.0
529,13.5,75.3,653.0
530,13.5,75.4,784.0
531,13.5,75.5,808.0
532,13.5,75.6,713.0
533,13.5,75.7,921.0
534,13.5,75.8,1083.0
535,13.5,75.9,886.0
536,13.5,76.0,772.0
537,13.5,76.1,737.0
538,13.5,76.2,762.0
539,13.5,76.3,757.0
540,13.5,76.4,770.0
541,13.5,76.5,737.0
542,13.5,76.6,734.0
543,13.5,76.7,788.0
544,13.5,76.8,903.0
545,13.5,76.9,830.0
546,13.5,77.0,800.0
547,13.5,77.1,843.0
548,13.5,77.2,779.0
549,13.5,77.3,734.0
550,13.5,77.4,758.0
551,13.5,77.5,746.0
552,13.5,77.6,750.0
553,13.5,77.7,1087.0
554,13.5,77.8,913.0
555,13.5,77.9,851.0
556,13.5,78.0,853.0
557,13.5,78.1,781.0
558,13.5,78.2,767.0
559,13.5,78.3,809.0
560,13.5,78.4,964.0
561,13.6,75.0,110.0
562,13.6,75.1,679.0
563,13.6,75.2,690.0
564,13.6,75.3,679.0
565,13.6,75.4,719.0
566,13.6,75.5,702.0
567,13.6,75.6,719.0
568,13.6,75.7,867.0
569,13.6,75.8,793.0
570,13.6,75.9,854.0
571,13.6,76.0,785.0
572,13.6,76.1,728.0
573,13.6,76.2,728.0
574,13.6,76.3,713.0
575,13.6,76.4,718.0
576,13.6,76.5,724.0
577,13.6,76.6,676.0
578,13.6,76.7,951.0
579,13.6,76.8,720.0
580,13.6,76.9,712.0
581,13.6,77.0,718.0
582,13.6,77.1,811.0
583,13.6,77.2,877.0
584,13.6,77.3,713.0
585,13.6,77.4,694.0
586,13.6,77.5,695.0
587,13.6,77.6,728.0
588,13.6,77.7,843.0
589,13.6,77.8,829.0
590,13.6,77.9,870.0
591,13.6,78.0,775.0
592,13.6,78.1,719.0
593,13.6,78.2,722.0
594,13.6,78.3,736.0
595,13.6,78.4,925.0
596,13.7,75.0,170.0
597,13.7,75.1,688.0
598,13.7,75.2,649.0
599,13.7,75.3,620.0
600,13.7,75.4,609.0
601,13.7,75.5,671.0
602,13.7,75.6,659.0
603,13.7,75.7,640.0
604,13.7,75.8,681.0
605,13.7,75.9,727.0
606,13.7,76.0,778.0
607,13.7,76.1,716.0
608,13.7,76.2,693.0
609,13.7,76.3,681.0
610,13.7,76.4,680.0
611,13.7,76.5,740.0
612,13.7,76.6,692.0
613,13.7,76.7,645.0
614,13.7,76.8,655.0
615,13.7,76.9,678.0
616,13.7,77.0,688.0
617,13.7,77.1,732.0
618,13.7,77.2,752.0
619,13.7,77.3,681.0
620,13.7,77.4,668.0
621,13.7,77.5,665.0
622,13.7,77.6,668.0
623,13.7,77.7,851.0
624,13.7,77.8,752.0
625,13.7,77.9,898.0
626,13.7,78.0,781.0
627,13.7,78.1,672.0
628,13.7,78.2,641.0
629,13.7,78.3,618.0
630,13.7,78.4,665.0
631,13.8,75.0,584.0
632,13.8,75.1,643.0
633,13.8,75.2,639.0
634,13.8,75.3,689.0
635,13.8,75.4,672.0
636,13.8,75.5,611.0
637,13.8,75.6,659.0
638,13.8,75.7,603.0
639,13.8,75.8,729.0
640,13.8,75.9,896.0
641,13.8,76.0,757.0
642,13.8,76.1,775.0
643,13.8,76.2,699.0
644,13.8,76.3,703.0
645,13.8,76.4,659.0
646,13.8,76.5,719.0
647,13.8,76.6,681.0
648,13.8,76.7,636.0
649,13.8,76.8,612.0
650,13.8,76.9,635.0
651,13.8,77.0,663.0
652,13.8,77.1,709.0
653,13.8,77.2,732.0
654,13.8,77.3,669.0
655,13.8,77.4,645.0
656,13.8,77.5,644.0
657,13.8,77.6,644.0
658,13.8,77.7,721.0
659,13.8,77.8,723.0
660,13.8,77.9,970.0
661,13.8,78.0,671.0
662,13.8,78.1,692.0
663,13.8,78.2,621.0
664,13.8,78.3,639.0
665,13.8,78.4,592.0
666,13.9,75.0,578.0
667,13.9,75.1,593.0
668,13.9,75.2,722.0
669,13.9,75.3,739.0
670,13.9,75.4,757.0
671,13.9,75.5,632.0
672,13.9,75.6,590.0
673,13.9,75.7,595.0
674,13.9,75.8,821.0
675,13.9,75.9,835.0
676,13.9,76.0,815.0
677,13.9,76.1,840.0
678,13.9,76.2,752.0
679,13.9,76.3,717.0
680,13.9,76.4,689.0
681,13.9,76.5,636.0
682,13.9,76.6,625.0
683,13.9,76.7,617.0
684,13.9,76.8,615.0
685,13.9,76.9,637.0
686,13.9,77.0,656.0
687,13.9,77.1,699.0
688,13.9,77.2,730.0
689,13.9,77.3,646.0
690,13.9,77.4,614.0
691,13.9,77.5,605.0
692,13.9,77.6,648.0
693,13.9,77.7,694.0
694,13.9,77.8,706.0
695,13.9,77.9,822.0
696,13.9,78.0,687.0
697,13.9,78.1,664.0
698,13.9,78.2,625.0
699,13.9,78.3,531.0
700,13.9,78.4,473.0
701,14.0,75.0,579.0
702,14.0,75.1,596.0
703,14.0,75.2,626.0
704,14.0,75.3,665.0
705,14.0,75.4,660.0
706,14.0,75.5,649.0
707,14.0,75.6,611.0
708,14.0,75.7,576.0
709,14.0,75.8,620.0
710,14.0,75.9,727.0
711,14.0,76.0,694.0
712,14.0,76.1,666.0
713,14.0,76.2,728.0
714,14.0,76.3,836.0
715,14.0,76.4,918.0
716,14.0,76.5,764.0
717,14.0,76.6,642.0
718,14.0,76.7,593.0
719,14.0,76.8,611.0
720,14.0,76.9,605.0
721,14.0,77.0,624.0
722,14.0,77.1,672.0
723,14.0,77.2,708.0
724,14.0,77.3,636.0
725,14.0,77.4,600.0
726,14.0,77.5,599.0
727,14.0,77.6,638.0
728,14.0,77.7,690.0
729,14.0,77.8,647.0
730,14.0,77.9,791.0
731,14.0,78.0,590.0
732,14.0,78.1,636.0
733,14.0,78.2,584.0
734,14.0,78.3,594.0
735,14.0,78.4,454.0
736,14.1,75.0,622.0
737,14.1,75.1,689.0
738,14.1,75.2,644.0
739,14.1,75.3,744.0
740,14.1,75.4,696.0
741,14.1,75.5,655.0
742,14.1,75.6,675.0
743,14.1,75.7,561.0
744,14.1,75.8,662.0
745,14.1,75.9,619.0
746,14.1,76.0,628.0
747,14.1,76.1,647.0
748,14.1,76.2,724.0
749,14.1,76.3,775.0
750,14.1,76.4,843.0
751,14.1,76.5,681.0
752,14.1,76.6,656.0
753,14.1,76.7,583.0
754,14.1,76.8,571.0
755,14.1,76.9,599.0
756,14.1,77.0,605.0
757,14.1,77.1,712.0
758,14.1,77.2,651.0
759,14.1,77.3,630.0
760,14.1,77.4,580.0
761,14.1,77.5,594.0
762,14.1,77.6,549.0
763,14.1,77.7,505.0
764,14.1,77.8,579.0
765,14.1,77.9,695.0
766,14.1,78.0,605.0
767,14.1,78.1,554.0
768,14.1,78.2,561.0
769,14.1,78.3,504.0
770,14.1,78.4,454.0
771,14.2,75.0,572.0
772,14.2,75.1,648.0
773,14.2,75.2,724.0
774,14.2,75.3,616.0
775,14.2,75.4,699.0
776,14.2,75.5,671.0
777,14.2,75.6,601.0
778,14.2,75.7,550.0
779,14.2,75.8,619.0
780,14.2,75.9,603.0
781,14.2,76.0,634.0
782,14.2,76.1,654.0
783,14.2,76.2,800.0
784,14.2,76.3,715.0
785,14.2,76.4,799.0
786,14.2,76.5,660.0
787,14.2,76.6,601.0
788,14.2,76.7,598.0
789,14.2,76.8,566.0
790,14.2,76.9,565.0
791,14.2,77.0,593.0
792,14.2,77.1,692.0
793,14.2,77.2,647.0
794,14.2,77.3,582.0
795,14.2,77.4,577.0
796,14.2,77.5,562.0
797,14.2,77.6,499.0
798,14.2,77.7,449.0
799,14.2,77.8,444.0
800,14.2,77.9,567.0
801,14.2,78.0,496.0
802,14.2,78.1,458.0
803,14.2,78.2,586.0
804,14.2,78.3,416.0
805,14.2,78.4,322.0
806,14.3,75.0,577.0
807,14.3,75.1,610.0
808,14.3,75.2,684.0
809,14.3,75.3,624.0
810,14.3,75.4,592.0
811,14.3,75.5,657.0
812,14.3,75.6,596.0
813,14.3,75.7,596.0
814,14.3,75.8,596.0
815,14.3,75.9,580.0
816,14.3,76.0,599.0
817,14.3,76.1,667.0
818,14.3,76.2,753.0
819,14.3,76.3,689.0
820,14.3,76.4,783.0
821,14.3,76.5,671.0
822,14.3,76.6,602.0
823,14.3,76.7,565.0
824,14.3,76.8,536.0
825,14.3,76.9,543.0
826,14.3,77.0,587.0
827,14.3,77.1,612.0
828,14.3,77.2,585.0
829,14.3,77.3,555.0
830,14.3,77.4,555.0
831,14.3,77.5,518.0
832,14.3,77.6,428.0
833,14.3,77.7,407.0
834,14.3,77.8,445.0
835,14.3,77.9,455.0
836,14.3,78.0,432.0
837,14.3,78.1,435.0
838,14.3,78.2,461.0
839,14.3,78.3,467.0
840,14.3,78.4,405.0
841,14.4,75.0,581.0
842,14.4,75.1,577.0
843,14.4,75.2,583.0
844,14.4,75.3,643.0
845,14.4,75.4,639.0
846,14.4,75.5,571.0
847,14.4,75.6,564.0
848,14.4,75.7,577.0
849,14.4,75.8,558.0
850,14.4,75.9,580.0
851,14.4,76.0,618.0
852,14.4,76.1,681.0
853,14.4,76.2,670.0
854,14.4,76.3,691.0
855,14.4,76.4,680.0
856,14.4,76.5,609.0
857,14.4,76.6,596.0
858,14.4,76.7,568.0
859,14.4,76.8,525.0
860,14.4,76.9,538.0
861,14.4,77.0,558.0
862,14.4,77.1,591.0
863,14.4,77.2,565.0
864,14.4,77.3,520.0
865,14.4,77.4,514.0
866,14.4,77.5,464.0
867,14.4,77.6,414.0
868,14.4,77.7,378.0
869,14.4,77.8,363.0
870,14.4,77.9,374.0
871,14.4,78.0,345.0
872,14.4,78.1,464.0
873,14.4,78.2,293.0
874,14.4,78.3,233.0
875,14.4,78.4,207.0
876,14.5,75.0,573.0
877,14.5,75.1,581.0
878,14.5,75.2,619.0
879,14.5,75.3,594.0
880,14.5,75.4,612.0
881,14.5,75.5,595.0
882,14.5,75.6,553.0
883,14.5,75.7,535.0
884,14.5,75.8,532.0
885,14.5,75.9,567.0
886,14.5,76.0,602.0
887,14.5,76.1,639.0
888,14.5,76.2,649.0
889,14.5,76.3,689.0
890,14.5,76.4,639.0
891,14.5,76.5,612.0
892,14.5,76.6,572.0
893,14.5,76.7,551.0
894,14.5,76.8,508.0
895,14.5,76.9,517.0
896,14.5,77.0,542.0
897,14.5,77.1,556.0
898,14.5,77.2,534.0
899,14.5,77.3,502.0
900,14.5,77.4,518.0
901,14.5,77.5,416.0
902,14.5,77.6,409.0
903,14.5,77.7,368.0
904,14.5,77.8,342.0
905,14.5,77.9,298.0
906,14.5,78.0,526.0
907,14.5,78.1,323.0
908,14.5,78.2,228.0
909,14.5,78.3,211.0
910,14.5,78.4,236.0
911,14.6,75.0,591.0
912,14.6,75.1,549.0
913,14.6,75.2,571.0
914,14.6,75.3,588.0
915,14.6,75.4,644.0
916,14.6,75.5,627.0
917,14.6,75.6,596.0
918,14.6,75.7,589.0
919,14.6,75.8,526.0
920,14.6,75.9,557.0
921,14.6,76.0,647.0
922,14.6,76.1,603.0
923,14.6,76.2,642.0
924,14.6,76.3,667.0
925,14.6,76.4,664.0
926,14.6,76.5,632.0
927,14.6,76.6,594.0
928,14.6,76.7,560.0
929,14.6,76.8,522.0
930,14.6,76.9,494.0
931,14.6,77.0,491.0
932,14.6,77.1,513.0
933,14.6,77.2,507.0
934,14.6,77.3,479.0
935,14.6,77.4,465.0
936,14.6,77.5,396.0
937,14.6,77.6,367.0
938,14.6,77.7,382.0
939,14.6,77.8,346.0
940,14.6,77.9,333.0
941,14.6,78.0,265.0
942,14.6,78.1,257.0
943,14.6,78.2,223.0
944,14.6,78.3,262.0
945,14.6,78.4,208.0
946,14.7,75.0,631.0
947,14.7,75.1,589.0
948,14.7,75.2,550.0
949,14.7,75.3,574.0
950,14.7,75.4,608.0
951,14.7,75.5,610.0
952,14.7,75.6,615.0
953,14.7,75.7,537.0
954,14.7,75.8,537.0
955,14.7,75.9,565.0
956,14.7,76.0,642.0
957,14.7,76.1,589.0
958,14.7,76.2,643.0
959,14.7,76.3,628.0
960,14.7,76.4,689.0
961,14.7,76.5,624.0
962,14.7,76.6,583.0
963,14.7,76.7,587.0
964,14.7,76.8,710.0
965,14.7,76.9,523.0
966,14.7,77.0,486.0
967,14.7,77.1,488.0
968,14.7,77.2,490.0
969,14.7,77.3,437.0
970,14.7,77.4,444.0
971,14.7,77.5,371.0
972,14.7,77.6,338.0
973,14.7,77.7,374.0
974,14.7,77.8,315.0
975,14.7,77.9,350.0
976,14.7,78.0,256.0
977,14.7,78.1,234.0
978,14.7,78.2,262.0
979,14.7,78.3,239.0
980,14.7,78.4,189.0
981,14.8,75.0,549.0
982,14.8,75.1,583.0
983,14.8,75.2,544.0
984,14.8,75.3,533.0
985,14.8,75.4,570.0
986,14.8,75.5,570.0
987,14.8,75.6,551.0
988,14.8,75.7,524.0
989,14.8,75.8,586.0
990,14.8,75.9,595.0
991,14.8,76.0,655.0
992,14.8,76.1,579.0
993,14.8,76.2,569.0
994,14.8,76.3,612.0
995,14.8,76.4,676.0
996,14.8,76.5,654.0
997,14.8,76.6,601.0
998,14.8,76.7,536.0
999,14.8,76.8,522.0
1000,14.8,76.9,490.0
1001,14.8,77.0,486.0
1002,14.8,77.1,453.0
1003,14.8,77.2,475.0
1004,14.8,77.3,410.0
1005,14.8,77.4,424.0
1006,14.8,77.5,380.0
1007,14.8,77.6,329.0
1008,14.8,77.7,303.0
1009,14.8,77.8,293.0
1010,14.8,77.9,303.0
1011,14.8,78.0,256.0
1012,14.8,78.1,235.0
1013,14.8,78.2,207.0
1014,14.8,78.3,332.0
1015,14.8,78.4,180.0
1016,14.9,75.0,535.0
1017,14.9,75.1,620.0
1018,14.9,75.2,600.0
1019,14.9,75.3,566.0
1020,14.9,75.4,546.0
1021,14.9,75.5,538.0
1022,14.9,75.6,528.0
1023,14.9,75.7,519.0
1024,14.9,75.8,560.0
1025,14.9,75.9,540.0
1026,14.9,76.0,694.0
1027,14.9,76.1,578.0
1028,14.9,76.2,562.0
1029,14.9,76.3,572.0
1030,14.9,76.4,607.0
1031,14.9,76.5,704.0
1032,14.9,76.6,778.0
1033,14.9,76.7,624.0
1034,14.9,76.8,514.0
1035,14.9,76.9,460.0
1036,14.9,77.0,451.0
1037,14.9,77.1,456.0
1038,14.9,77.2,462.0
1039,14.9,77.3,442.0
1040,14.9,77.4,387.0
1041,14.9,77.5,319.0
1042,14.9,77.6,351.0
1043,14.9,77.7,362.0
1044,14.9,77.8,269.0
1045,14.9,77.9,264.0
1046,14.9,78.0,235.0
1047,14.9,78.1,224.0
1048,14.9,78.2,405.0
1049,14.9,78.3,228.0
1050,14.9,78.4,178.0
1051,15.0,75.0,529.0
1052,15.0,75.1,620.0
1053,15.0,75.2,628.0
1054,15.0,75.3,579.0
1055,15.0,75.4,588.0
1056,15.0,75.5,574.0
1057,15.0,75.6,546.0
1058,15.0,75.7,528.0
1059,15.0,75.8,513.0
1060,15.0,75.9,527.0
1061,15.0,76.0,599.0
1062,15.0,76.1,569.0
1063,15.0,76.2,518.0
1064,15.0,76.3,592.0
1065,15.0,76.4,618.0
1066,15.0,76.5,635.0
1067,15.0,76.6,950.0
1068,15.0,76.7,622.0
1069,15.0,76.8,611.0
1070,15.0,76.9,494.0
1071,15.0,77.0,437.0
1072,15.0,77.1,431.0
1073,15.0,77.2,463.0
1074,15.0,77.3,482.0
1075,15.0,77.4,431.0
1076,15.0,77.5,363.0
1077,15.0,77.6,317.0
1078,15.0,77.7,309.0
1079,15.0,77.8,293.0
1080,15.0,77.9,256.0
1081,15.0,78.0,252.0
1082,15.0,78.1,287.0
1083,15.0,78.2,235.0
1084,15.0,78.3,206.0
1085,15.0,78.4,172.0
1086,15.1,75.0,543.0
1087,15.1,75.1,662.0
1088,15.1,75.2,724.0
1089,15.1,75.3,633.0
1090,15.1,75.4,664.0
1091,15.1,75.5,617.0
1092,15.1,75.6,589.0
1093,15.1,75.7,566.0
1094,15.1,75.8,542.0
1095,15.1,75.9,509.0
1096,15.1,76.0,518.0
1097,15.1,76.1,515.0
1098,15.1,76.2,516.0
1099,15.1,76.3,520.0
1100,15.1,76.4,546.0
1101,15.1,76.5,697.0
1102,15.1,76.6,694.0
1103,15.1,76.7,554.0
1104,15.1,76.8,694.0
1105,15.1,76.9,471.0
1106,15.1,77.0,432.0
1107,15.1,77.1,433.0
1108,15.1,77.2,437.0
1109,15.1,77.3,434.0
1110,15.1,77.4,464.0
1111,15.1,77.5,496.0
1112,15.1,77.6,351.0
1113,15.1,77.7,361.0
1114,15.1,77.8,328.0
1115,15.1,77.9,308.0
1116,15.1,78.0,409.0
1117,15.1,78.1,296.0
1118,15.1,78.2,221.0
1119,15.1,78.3,185.0
1120,15.1,78.4,172.0
1121,15.2,75.0,541.0
1122,15.2,75.1,582.0
1123,15.2,75.2,629.0
1124,15.2,75.3,629.0
1125,15.2,75.4,636.0
1126,15.2,75.5,644.0
1127,15.2,75.6,636.0
1128,15.2,75.7,626.0
1129,15.2,75.8,581.0
1130,15.2,75.9,530.0
1131,15.2,76.0,515.0
1132,15.2,76.1,489.0
1133,15.2,76.2,502.0
1134,15.2,76.3,493.0
1135,15.2,76.4,654.0
1136,15.2,76.5,677.0
1137,15.2,76.6,509.0
1138,15.2,76.7,519.0
1139,15.2,76.8,474.0
1140,15.2,76.9,445.0
1141,15.2,77.0,431.0
1142,15.2,77.1,423.0
1143,15.2,77.2,425.0
1144,15.2,77.3,433.0
1145,15.2,77.4,438.0
1146,15.2,77.5,424.0
1147,15.2,77.6,386.0
1148,15.2,77.7,427.0
1149,15.2,77.8,474.0
1150,15.2,77.9,516.0
1151,15.2,78.0,403.0
1152,15.2,78.1,204.0
1153,15.2,78.2,191.0
1154,15.2,78.3,185.0
1155,15.2,78.4,188.0
1156,15.3,75.0,575.0
1157,15.3,75.1,619.0
1158,15.3,75.2,611.0
1159,15.3,75.3,598.0
1160,15.3,75.4,624.0
1161,15.3,75.5,656.0
1162,15.3,75.6,748.0
1163,15.3,75.7,635.0
1164,15.3,75.8,580.0
1165,15.3,75.9,564.0
1166,15.3,76.0,560.0
1167,15.3,76.1,501.0
1168,15.3,76.2,519.0
1169,15.3,76.3,499.0
1170,15.3,76.4,467.0
1171,15.3,76.5,457.0
1172,15.3,76.6,475.0
1173,15.3,76.7,433.0
1174,15.3,76.8,450.0
1175,15.3,76.9,429.0
1176,15.3,77.0,418.0
1177,15.3,77.1,399.0
1178,15.3,77.2,415.0
1179,15.3,77.3,454.0
1180,15.3,77.4,468.0
1181,15.3,77.5,451.0
1182,15.3,77.6,465.0
1183,15.3,77.7,554.0
1184,15.3,77.8,500.0
1185,15.3,77.9,370.0
1186,15.3,78.0,424.0
1187,15.3,78.1,291.0
1188,15.3,78.2,228.0
1189,15.3,78.3,202.0
1190,15.3,78.4,192.0
1191,15.4,75.0,692.0
1192,15.4,75.1,651.0
1193,15.4,75.2,618.0
1194,15.4,75.3,585.0
1195,15.4,75.4,606.0
1196,15.4,75.5,633.0
1197,15.4,75.6,704.0
1198,15.4,75.7,679.0
1199,15.4,75.8,612.0
1200,15.4,75.9,595.0
1201,15.4,76.0,587.0
1202,15.4,76.1,554.0
1203,15.4,76.2,551.0
1204,15.4,76.3,519.0
1205,15.4,76.4,620.0
1206,15.4,76.5,455.0
1207,15.4,76.6,392.0
1208,15.4,76.7,398.0
1209,15.4,76.8,411.0
1210,15.4,76.9,421.0
1211,15.4,77.0,400.0
1212,15.4,77.1,404.0
1213,15.4,77.2,458.0
1214,15.4,77.3,470.0
1215,15.4,77.4,446.0
1216,15.4,77.5,453.0
1217,15.4,77.6,527.0
1218,15.4,77.7,468.0
1219,15.4,77.8,433.0
1220,15.4,77.9,488.0
1221,15.4,78.0,536.0
1222,15.4,78.1,429.0
1223,15.4,78.2,273.0
1224,15.4,78.3,218.0
1225,15.4,78.4,201.0
1226,15.5,75.0,692.0
1227,15.5,75.1,645.0
1228,15.5,75.2,623.0
1229,15.5,75.3,585.0
1230,15.5,75.4,603.0
1231,15.5,75.5,605.0
1232,15.5,75.6,617.0
1233,15.5,75.7,617.0
1234,15.5,75.8,640.0
1235,15.5,75.9,610.0
1236,15.5,76.0,592.0
1237,15.5,76.1,549.0
1238,15.5,76.2,574.0
1239,15.5,76.3,614.0
1240,15.5,76.4,485.0
1241,15.5,76.5,430.0
1242,15.5,76.6,430.0
1243,15.5,76.7,388.0
1244,15.5,76.8,372.0
1245,15.5,76.9,409.0
1246,15.5,77.0,384.0
1247,15.5,77.1,416.0
1248,15.5,77.2,425.0
1249,15.5,77.3,428.0
1250,15.5,77.4,458.0
1251,15.5,77.5,419.0
1252,15.5,77.6,455.0
1253,15.5,77.7,424.0
1254,15.5,77.8,384.0
1255,15.5,77.9,365.0
1256,15.5,78.0,398.0
1257,15.5,78.1,444.0
1258,15.5,78.2,378.0
1259,15.5,78.3,254.0
1260,15.5,78.4,208.0
1261,15.6,75.0,649.0
1262,15.6,75.1,608.0
1263,15.6,75.2,595.0
1264,15.6,75.3,581.0
1265,15.6,75.4,571.0
1266,15.6,75.5,597.0
1267,15.6,75.6,601.0
1268,15.6,75.7,603.0
1269,15.6,75.8,612.0
1270,15.6,75.9,614.0
1271,15.6,76.0,583.0
1272,15.6,76.1,602.0
1273,15.6,76.2,615.0
1274,15.6,76.3,589.0
1275,15.6,76.4,497.0
1276,15.6,76.5,459.0
1277,15.6,76.6,425.0
1278,15.6,76.7,416.0
1279,15.6,76.8,384.0
1280,15.6,76.9,388.0
1281,15.6,77.0,379.0
1282,15.6,77.1,384.0
1283,15.6,77.2,399.0
1284,15.6,77.3,423.0
1285,15.6,77.4,419.0
1286,15.6,77.5,398.0
1287,15.6,77.6,420.0
1288,15.6,77.7,405.0
1289,15.6,77.8,353.0
1290,15.6,77.9,340.0
1291,15.6,78.0,398.0
1292,15.6,78.1,417.0
1293,15.6,78.2,348.0
1294,15.6,78.3,358.0
1295,15.6,78.4,291.0
1296,15.7,75.0,655.0
1297,15.7,75.1,653.0
1298,15.7,75.2,612.0
1299,15.7,75.3,595.0
1300,15.7,75.4,583.0
1301,15.7,75.5,554.0
1302,15.7,75.6,586.0
1303,15.7,75.7,573.0
1304,15.7,75.8,576.0
1305,15.7,75.9,599.0
1306,15.7,76.0,629.0
1307,15.7,76.1,660.0
1308,15.7,76.2,667.0
1309,15.7,76.3,581.0
1310,15.7,76.4,511.0
1311,15.7,76.5,472.0
1312,15.7,76.6,443.0
1313,15.7,76.7,410.0
1314,15.7,76.8,386.0
1315,15.7,76.9,356.0
1316,15.7,77.0,378.0
1317,15.7,77.1,390.0
1318,15.7,77.2,409.0
1319,15.7,77.3,418.0
1320,15.7,77.4,387.0
1321,15.7,77.5,400.0
1322,15.7,77.6,374.0
1323,15.7,77.7,356.0
1324,15.7,77.8,363.0
1325,15.7,77.9,325.0
1326,15.7,78.0,305.0
1327,15.7,78.1,355.0
1328,15.7,78.2,331.0
1329,15.7,78.3,284.0
1330,15.7,78.4,251.0
1331,15.8,75.0,643.0
1332,15.8,75.1,619.0
1333,15.8,75.2,644.0
1334,15.8,75.3,593.0
1335,15.8,75.4,578.0
1336,15.8,75.5,572.0
1337,15.8,75.6,543.0
1338,15.8,75.7,540.0
1339,15.8,75.8,554.0
1340,15.8,75.9,608.0
1341,15.8,76.0,666.0
1342,15.8,76.1,659.0
1343,15.8,76.2,617.0
1344,15.8,76.3,666.0
1345,15.8,76.4,562.0
1346,15.8,76.5,474.0
1347,15.8,76.6,427.0
1348,15.8,76.7,399.0
1349,15.8,76.8,396.0
1350,15.8,76.9,374.0
1351,15.8,77.0,351.0
1352,15.8,77.1,365.0
1353,15.8,77.2,386.0
1354,15.8,77.3,369.0
1355,15.8,77.4,368.0
1356,15.8,77.5,350.0
1357,15.8,77.6,328.0
1358,15.8,77.7,329.0
1359,15.8,77.8,325.0
1360,15.8,77.9,320.0
1361,15.8,78.0,293.0
1362,15.8,78.1,285.0
1363,15.8,78.2,308.0
1364,15.8,78.3,312.0
1365,15.8,78.4,288.0
1366,15.9,75.0,758.0
1367,15.9,75.1,627.0
1368,15.9,75.2,596.0
1369,15.9,75.3,733.0
1370,15.9,75.4,550.0
1371,15.9,75.5,577.0
1372,15.9,75.6,595.0
1373,15.9,75.7,554.0
1374,15.9,75.8,585.0
1375,15.9,75.9,569.0
1376,15.9,76.0,701.0
1377,15.9,76.1,603.0
1378,15.9,76.2,642.0
1379,15.9,76.3,574.0
1380,15.9,76.4,573.0
1381,15.9,76.5,500.0
1382,15.9,76.6,449.0
1383,15.9,76.7,442.0
1384,15.9,76.8,394.0
1385,15.9,76.9,368.0
1386,15.9,77.0,356.0
1387,15.9,77.1,343.0
1388,15.9,77.2,354.0
1389,15.9,77.3,346.0
1390,15.9,77.4,338.0
1391,15.9,77.5,317.0
1392,15.9,77.6,308.0
1393,15.9,77.7,299.0
1394,15.9,77.8,300.0
1395,15.9,77.9,279.0
1396,15.9,78.0,298.0
1397,15.9,78.1,299.0
1398,15.9,78.2,262.0
1399,15.9,78.3,302.0
1400,15.9,78.4,270.0
1401,16.0,75.0,673.0
1402,16.0,75.1,654.0
1403,16.0,75.2,616.0
1404,16.0,75.3,622.0
1405,16.0,75.4,663.0
1406,16.0,75.5,663.0
1407,16.0,75.6,618.0
1408,16.0,75.7,594.0
1409,16.0,75.8,658.0
1410,16.0,75.9,535.0
1411,16.0,76.0,569.0
1412,16.0,76.1,569.0
1413,16.0,76.2,558.0
1414,16.0,76.3,558.0
1415,16.0,76.4,557.0
1416,16.0,76.5,524.0
1417,16.0,76.6,451.0
1418,16.0,76.7,430.0
1419,16.0,76.8,402.0
1420,16.0,76.9,401.0
1421,16.0,77.0,365.0
1422,16.0,77.1,353.0
1423,16.0,77.2,351.0
1424,16.0,77.3,347.0
1425,16.0,77.4,354.0
1426,16.0,77.5,343.0
1427,16.0,77.6,345.0
1428,16.0,77.7,335.0
1429,16.0,77.8,320.0
1430,16.0,77.9,314.0
1431,16.0,78.0,292.0
1432,16.0,78.1,261.0
1433,16.0,78.2,288.0
1434,16.0,78.3,261.0
1435,16.0,78.4,272.0
1436,16.1,75.0,593.0
1437,16.1,75.1,678.0
1438,16.1,75.2,638.0
1439,16.1,75.3,625.0
1440,16.1,75.4,604.0
1441,16.1,75.5,578.0
1442,16.1,75.6,580.0
1443,16.1,75.7,565.0
1444,16.1,75.8,547.0
1445,16.1,75.9,517.0
1446,16.1,76.0,527.0
1447,16.1,76.1,526.0
1448,16.1,76.2,503.0
1449,16.1,76.3,501.0
1450,16.1,76.4,543.0
1451,16.1,76.5,549.0
1452,16.1,76.6,542.0
1453,16.1,76.7,462.0
1454,16.1,76.8,445.0
1455,16.1,76.9,418.0
1456,16.1,77.0,401.0
1457,16.1,77.1,370.0
1458,16.1,77.2,373.0
1459,16.1,77.3,374.0
1460,16.1,77.4,373.0
1461,16.1,77.5,399.0
1462,16.1,77.6,384.0
1463,16.1,77.7,375.0
1464,16.1,77.8,340.0
1465,16.1,77.9,294.0
1466,16.1,78.0,267.0
1467,16.1,78.1,313.0
1468,16.1,78.2,296.0
1469,16.1,78.3,308.0
1470,16.1,78.4,261.0
1471,16.2,75.0,588.0
1472,16.2,75.1,611.0
1473,16.2,75.2,589.0
1474,16.2,75.3,573.0
1475,16.2,75.4,535.0
1476,16.2,75.5,532.0
1477,16.2,75.6,545.0
1478,16.2,75.7,513.0
1479,16.2,75.8,570.0
1480,16.2,75.9,553.0
1481,16.2,76.0,521.0
1482,16.2,76.1,489.0
1483,16.2,76.2,496.0
1484,16.2,76.3,489.0
1485,16.2,76.4,479.0
1486,16.2,76.5,472.0
1487,16.2,76.6,512.0
1488,16.2,76.7,538.0
1489,16.2,76.8,522.0
1490,16.2,76.9,475.0
1491,16.2,77.0,431.0
1492,16.2,77.1,397.0
1493,16.2,77.2,390.0
1494,16.2,77.3,385.0
1495,16.2,77.4,406.0
1496,16.2,77.5,389.0
1497,16.2,77.6,433.0
1498,16.2,77.7,360.0
1499,16.2,77.8,332.0
1500,16.2,77.9,275.0
1501,16.2,78.0,310.0
1502,16.2,78.1,338.0
1503,16.2,78.2,367.0
1504,16.2,78.3,344.0
1505,16.2,78.4,311.0
1506,16.3,75.0,539.0
1507,16.3,75.1,567.0
1508,16.3,75.2,558.0
1509,16.3,75.3,533.0
1510,16.3,75.4,570.0
1511,16.3,75.5,546.0
1512,16.3,75.6,561.0
1513,16.3,75.7,525.0
1514,16.3,75.8,511.0
1515,16.3,75.9,508.0
1516,16.3,76.0,489.0
1517,16.3,76.1,514.0
1518,16.3,76.2,570.0
1519,16.3,76.3,547.0
1520,16.3,76.4,451.0
1521,16.3,76.5,396.0
1522,16.3,76.6,444.0
1523,16.3,76.7,445.0
1524,16.3,76.8,417.0
1525,16.3,76.9,432.0
1526,16.3,77.0,420.0
1527,16.3,77.1,399.0
1528,16.3,77.2,382.0
1529,16.3,77.3,353.0
1530,16.3,77.4,359.0
1531,16.3,77.5,371.0
1532,16.3,77.6,330.0
1533,16.3,77.7,327.0
1534,16.3,77.8,301.0
1535,16.3,77.9,306.0
1536,16.3,78.0,361.0
1537,16.3,78.1,409.0
1538,16.3,78.2,420.0
1539,16.3,78.3,394.0
1540,16.3,78.4,403.0
1541,16.4,75.0,587.0
1542,16.4,75.1,583.0
1543,16.4,75.2,579.0
1544,16.4,75.3,580.0
1545,16.4,75.4,525.0
1546,16.4,75.5,545.0
1547,16.4,75.6,532.0
1548,16.4,75.7,514.0
1549,16.4,75.8,525.0
1550,16.4,75.9,526.0
1551,16.4,76.0,553.0
1552,16.4,76.1,595.0
1553,16.4,76.2,546.0
1554,16.4,76.3,500.0
1555,16.4,76.4,513.0
1556,16.4,76.5,452.0
1557,16.4,76.6,418.0
1558,16.4,76.7,363.0
1559,16.4,76.8,368.0
1560,16.4,76.9,417.0
1561,16.4,77.0,399.0
1562,16.4,77.1,377.0
1563,16.4,77.2,355.0
1564,16.4,77.3,333.0
1565,16.4,77.4,343.0
1566,16.4,77.5,338.0
1567,16.4,77.6,337.0
1568,16.4,77.7,337.0
1569,16.4,77.8,341.0
1570,16.4,77.9,325.0
1571,16.4,78.0,358.0
1572,16.4,78.1,404.0
1573,16.4,78.2,476.0
1574,16.4,78.3,513.0
1575,16.4,78.4,483.0
