ID,Latitude,Longitude
1,12,75
2,12,75.1
3,12,75.2
4,12,75.3
5,12,75.4
6,12,75.5
7,12,75.6
8,12,75.7
9,12,75.8
10,12,75.9
11,12,76
12,12,76.1
13,12,76.2
14,12,76.3
15,12,76.4
16,12,76.5
17,12,76.6
18,12,76.7
19,12,76.8
20,12,76.9
21,12,77
22,12,77.1
23,12,77.2
24,12,77.3
25,12,77.4
26,12,77.5
27,12,77.6
28,12,77.7
29,12,77.8
30,12,77.9
31,12,78
32,12,78.1
33,12,78.2
34,12,78.3
35,12,78.4
36,12.1,75
37,12.1,75.1
38,12.1,75.2
39,12.1,75.3
40,12.1,75.4
41,12.1,75.5
42,12.1,75.6
43,12.1,75.7
44,12.1,75.8
45,12.1,75.9
46,12.1,76
47,12.1,76.1
48,12.1,76.2
49,12.1,76.3
50,12.1,76.4
51,12.1,76.5
52,12.1,76.6
53,12.1,76.7
54,12.1,76.8
55,12.1,76.9
56,12.1,77
57,12.1,77.1
58,12.1,77.2
59,12.1,77.3
60,12.1,77.4
61,12.1,77.5
62,12.1,77.6
63,12.1,77.7
64,12.1,77.8
65,12.1,77.9
66,12.1,78
67,12.1,78.1
68,12.1,78.2
69,12.1,78.3
70,12.1,78.4
71,12.2,75
72,12.2,75.1
73,12.2,75.2
74,12.2,75.3
75,12.2,75.4
76,12.2,75.5
77,12.2,75.6
78,12.2,75.7
79,12.2,75.8
80,12.2,75.9
81,12.2,76
82,12.2,76.1
83,12.2,76.2
84,12.2,76.3
85,12.2,76.4
86,12.2,76.5
87,12.2,76.6
88,12.2,76.7
89,12.2,76.8
90,12.2,76.9
91,12.2,77
92,12.2,77.1
93,12.2,77.2
94,12.2,77.3
95,12.2,77.4
96,12.2,77.5
97,12.2,77.6
98,12.2,77.7
99,12.2,77.8
100,12.2,77.9
101,12.2,78
102,12.2,78.1
103,12.2,78.2
104,12.2,78.3
105,12.2,78.4
106,12.3,75
107,12.3,75.1
108,12.3,75.2
109,12.3,75.3
110,12.3,75.4
111,12.3,75.5
112,12.3,75.6
113,12.3,75.7
114,12.3,75.8
115,12.3,75.9
116,12.3,76
117,12.3,76.1
118,12.3,76.2
119,12.3,76.3
120,12.3,76.4
121,12.3,76.5
122,12.3,76.6
123,12.3,76.7
124,12.3,76.8
125,12.3,76.9
126,12.3,77
127,12.3,77.1
128,12.3,77.2
129,12.3,77.3
130,12.3,77.4
131,12.3,77.5
132,12.3,77.6
133,12.3,77.7
134,12.3,77.8
135,12.3,77.9
136,12.3,78
137,12.3,78.1
138,12.3,78.2
139,12.3,78.3
140,12.3,78.4
141,12.4,75
142,12.4,75.1
143,12.4,75.2
144,12.4,75.3
145,12.4,75.4
146,12.4,75.5
147,12.4,75.6
148,12.4,75.7
149,12.4,75.8
150,12.4,75.9
151,12.4,76
152,12.4,76.1
153,12.4,76.2
154,12.4,76.3
155,12.4,76.4
156,12.4,76.5
157,12.4,76.6
158,12.4,76.7
159,12.4,76.8
160,12.4,76.9
161,12.4,77
162,12.4,77.1
163,12.4,77.2
164,12.4,77.3
165,12.4,77.4
166,12.4,77.5
167,12.4,77.6
168,12.4,77.7
169,12.4,77.8
170,12.4,77.9
171,12.4,78
172,12.4,78.1
173,12.4,78.2
174,12.4,78.3
175,12.4,78.4
176,12.5,75
177,12.5,75.1
178,12.5,75.2
179,12.5,75.3
180,12.5,75.4
181,12.5,75.5
182,12.5,75.6
183,12.5,75.7
184,12.5,75.8
185,12.5,75.9
186,12.5,76
187,12.5,76.1
188,12.5,76.2
189,12.5,76.3
190,12.5,76.4
191,12.5,76.5
192,12.5,76.6
193,12.5,76.7
194,12.5,76.8
195,12.5,76.9
196,12.5,77
197,12.5,77.1
198,12.5,77.2
199,12.5,77.3
200,12.5,77.4
201,12.5,77.5
202,12.5,77.6
203,12.5,77.7
204,12.5,77.8
205,12.5,77.9
206,12.5,78
207,12.5,78.1
208,12.5,78.2
209,12.5,78.3
210,12.5,78.4
211,12.6,75
212,12.6,75.1
213,12.6,75.2
214,12.6,75.3
215,12.6,75.4
216,12.6,75.5
217,12.6,75.6
218,12.6,75.7
219,12.6,75.8
220,12.6,75.9
221,12.6,76
222,12.6,76.1
223,12.6,76.2
224,12.6,76.3
225,12.6,76.4
226,12.6,76.5
227,12.6,76.6
228,12.6,76.7
229,12.6,76.8
230,12.6,76.9
231,12.6,77
232,12.6,77.1
233,12.6,77.2
234,12.6,77.3
235,12.6,77.4
236,12.6,77.5
237,12.6,77.6
238,12.6,77.7
239,12.6,77.8
240,12.6,77.9
241,12.6,78
242,12.6,78.1
243,12.6,78.2
244,12.6,78.3
245,12.6,78.4
246,12.7,75
247,12.7,75.1
248,12.7,75.2
249,12.7,75.3
250,12.7,75.4
251,12.7,75.5
252,12.7,75.6
253,12.7,75.7
254,12.7,75.8
255,12.7,75.9
256,12.7,76
257,12.7,76.1
258,12.7,76.2
259,12.7,76.3
260,12.7,76.4
261,12.7,76.5
262,12.7,76.6
263,12.7,76.7
264,12.7,76.8
265,12.7,76.9
266,12.7,77
267,12.7,77.1
268,12.7,77.2
269,12.7,77.3
270,12.7,77.4
271,12.7,77.5
272,12.7,77.6
273,12.7,77.7
274,12.7,77.8
275,12.7,77.9
276,12.7,78
277,12.7,78.1
278,12.7,78.2
279,12.7,78.3
280,12.7,78.4
281,12.8,75
282,12.8,75.1
283,12.8,75.2
284,12.8,75.3
285,12.8,75.4
286,12.8,75.5
287,12.8,75.6
288,12.8,75.7
289,12.8,75.8
290,12.8,75.9
291,12.8,76
292,12.8,76.1
293,12.8,76.2
294,12.8,76.3
295,12.8,76.4
296,12.8,76.5
297,12.8,76.6
298,12.8,76.7
299,12.8,76.8
300,12.8,76.9
301,12.8,77
302,12.8,77.1
303,12.8,77.2
304,12.8,77.3
305,12.8,77.4
306,12.8,77.5
307,12.8,77.6
308,12.8,77.7
309,12.8,77.8
310,12.8,77.9
311,12.8,78
312,12.8,78.1
313,12.8,78.2
314,12.8,78.3
315,12.8,78.4
316,12.9,75
317,12.9,75.1
318,12.9,75.2
319,12.9,75.3
320,12.9,75.4
321,12.9,75.5
322,12.9,75.6
323,12.9,75.7
324,12.9,75.8
325,12.9,75.9
326,12.9,76
327,12.9,76.1
328,12.9,76.2
329,12.9,76.3
330,12.9,76.4
331,12.9,76.5
332,12.9,76.6
333,12.9,76.7
334,12.9,76.8
335,12.9,76.9
336,12.9,77
337,12.9,77.1
338,12.9,77.2
339,12.9,77.3
340,12.9,77.4
341,12.9,77.5
342,12.9,77.6
343,12.9,77.7
344,12.9,77.8
345,12.9,77.9
346,12.9,78
347,12.9,78.1
348,12.9,78.2
349,12.9,78.3
350,12.9,78.4
351,13,75
352,13,75.1
353,13,75.2
354,13,75.3
355,13,75.4
356,13,75.5
357,13,75.6
358,13,75.7
359,13,75.8
360,13,75.9
361,13,76
362,13,76.1
363,13,76.2
364,13,76.3
365,13,76.4
366,13,76.5
367,13,76.6
368,13,76.7
369,13,76.8
370,13,76.9
371,13,77
372,13,77.1
373,13,77.2
374,13,77.3
375,13,77.4
376,13,77.5
377,13,77.6
378,13,77.7
379,13,77.8
380,13,77.9
381,13,78
382,13,78.1
383,13,78.2
384,13,78.3
385,13,78.4
386,13.1,75
387,13.1,75.1
388,13.1,75.2
389,13.1,75.3
390,13.1,75.4
391,13.1,75.5
392,13.1,75.6
393,13.1,75.7
394,13.1,75.8
395,13.1,75.9
396,13.1,76
397,13.1,76.1
398,13.1,76.2
399,13.1,76.3
400,13.1,76.4
401,13.1,76.5
402,13.1,76.6
403,13.1,76.7
404,13.1,76.8
405,13.1,76.9
406,13.1,77
407,13.1,77.1
408,13.1,77.2
409,13.1,77.3
410,13.1,77.4
411,13.1,77.5
412,13.1,77.6
413,13.1,77.7
414,13.1,77.8
415,13.1,77.9
416,13.1,78
417,13.1,78.1
418,13.1,78.2
419,13.1,78.3
420,13.1,78.4
421,13.2,75
422,13.2,75.1
423,13.2,75.2
424,13.2,75.3
425,13.2,75.4
426,13.2,75.5
427,13.2,75.6
428,13.2,75.7
429,13.2,75.8
430,13.2,75.9
431,13.2,76
432,13.2,76.1
433,13.2,76.2
434,13.2,76.3
435,13.2,76.4
436,13.2,76.5
437,13.2,76.6
438,13.2,76.7
439,13.2,76.8
440,13.2,76.9
441,13.2,77
442,13.2,77.1
443,13.2,77.2
444,13.2,77.3
445,13.2,77.4
446,13.2,77.5
447,13.2,77.6
448,13.2,77.7
449,13.2,77.8
450,13.2,77.9
451,13.2,78
452,13.2,78.1
453,13.2,78.2
454,13.2,78.3
455,13.2,78.4
456,13.3,75
457,13.3,75.1
458,13.3,75.2
459,13.3,75.3
460,13.3,75.4
461,13.3,75.5
462,13.3,75.6
463,13.3,75.7
464,13.3,75.8
465,13.3,75.9
466,13.3,76
467,13.3,76.1
468,13.3,76.2
469,13.3,76.3
470,13.3,76.4
471,13.3,76.5
472,13.3,76.6
473,13.3,76.7
474,13.3,76.8
475,13.3,76.9
476,13.3,77
477,13.3,77.1
478,13.3,77.2
479,13.3,77.3
480,13.3,77.4
481,13.3,77.5
482,13.3,77.6
483,13.3,77.7
484,13.3,77.8
485,13.3,77.9
486,13.3,78
487,13.3,78.1
488,13.3,78.2
489,13.3,78.3
490,13.3,78.4
491,13.4,75
492,13.4,75.1
493,13.4,75.2
494,13.4,75.3
495,13.4,75.4
496,13.4,75.5
497,13.4,75.6
498,13.4,75.7
499,13.4,75.8
500,13.4,75.9
501,13.4,76
502,13.4,76.1
503,13.4,76.2
504,13.4,76.3
505,13.4,76.4
506,13.4,76.5
507,13.4,76.6
508,13.4,76.7
509,13.4,76.8
510,13.4,76.9
511,13.4,77
512,13.4,77.1
513,13.4,77.2
514,13.4,77.3
515,13.4,77.4
516,13.4,77.5
517,13.4,77.6
518,13.4,77.7
519,13.4,77.8
520,13.4,77.9
521,13.4,78
522,13.4,78.1
523,13.4,78.2
524,13.4,78.3
525,13.4,78.4
526,13.5,75
527,13.5,75.1
528,13.5,75.2
529,13.5,75.3
530,13.5,75.4
531,13.5,75.5
532,13.5,75.6
533,13.5,75.7
534,13.5,75.8
535,13.5,75.9
536,13.5,76
537,13.5,76.1
538,13.5,76.2
539,13.5,76.3
540,13.5,76.4
541,13.5,76.5
542,13.5,76.6
543,13.5,76.7
544,13.5,76.8
545,13.5,76.9
546,13.5,77
547,13.5,77.1
548,13.5,77.2
549,13.5,77.3
550,13.5,77.4
551,13.5,77.5
552,13.5,77.6
553,13.5,77.7
554,13.5,77.8
555,13.5,77.9
556,13.5,78
557,13.5,78.1
558,13.5,78.2
559,13.5,78.3
560,13.5,78.4
561,13.6,75
562,13.6,75.1
563,13.6,75.2
564,13.6,75.3
565,13.6,75.4
566,13.6,75.5
567,13.6,75.6
568,13.6,75.7
569,13.6,75.8
570,13.6,75.9
571,13.6,76
572,13.6,76.1
573,13.6,76.2
574,13.6,76.3
575,13.6,76.4
576,13.6,76.5
577,13.6,76.6
578,13.6,76.7
579,13.6,76.8
580,13.6,76.9
581,13.6,77
582,13.6,77.1
583,13.6,77.2
584,13.6,77.3
585,13.6,77.4
586,13.6,77.5
587,13.6,77.6
588,13.6,77.7
589,13.6,77.8
590,13.6,77.9
591,13.6,78
592,13.6,78.1
593,13.6,78.2
594,13.6,78.3
595,13.6,78.4
596,13.7,75
597,13.7,75.1
598,13.7,75.2
599,13.7,75.3
600,13.7,75.4
601,13.7,75.5
602,13.7,75.6
603,13.7,75.7
604,13.7,75.8
605,13.7,75.9
606,13.7,76
607,13.7,76.1
608,13.7,76.2
609,13.7,76.3
610,13.7,76.4
611,13.7,76.5
612,13.7,76.6
613,13.7,76.7
614,13.7,76.8
615,13.7,76.9
616,13.7,77
617,13.7,77.1
618,13.7,77.2
619,13.7,77.3
620,13.7,77.4
621,13.7,77.5
622,13.7,77.6
623,13.7,77.7
624,13.7,77.8
625,13.7,77.9
626,13.7,78
627,13.7,78.1
628,13.7,78.2
629,13.7,78.3
630,13.7,78.4
631,13.8,75
632,13.8,75.1
633,13.8,75.2
634,13.8,75.3
635,13.8,75.4
636,13.8,75.5
637,13.8,75.6
638,13.8,75.7
639,13.8,75.8
640,13.8,75.9
641,13.8,76
642,13.8,76.1
643,13.8,76.2
644,13.8,76.3
645,13.8,76.4
646,13.8,76.5
647,13.8,76.6
648,13.8,76.7
649,13.8,76.8
650,13.8,76.9
651,13.8,77
652,13.8,77.1
653,13.8,77.2
654,13.8,77.3
655,13.8,77.4
656,13.8,77.5
657,13.8,77.6
658,13.8,77.7
659,13.8,77.8
660,13.8,77.9
661,13.8,78
662,13.8,78.1
663,13.8,78.2
664,13.8,78.3
665,13.8,78.4
666,13.9,75
667,13.9,75.1
668,13.9,75.2
669,13.9,75.3
670,13.9,75.4
671,13.9,75.5
672,13.9,75.6
673,13.9,75.7
674,13.9,75.8
675,13.9,75.9
676,13.9,76
677,13.9,76.1
678,13.9,76.2
679,13.9,76.3
680,13.9,76.4
681,13.9,76.5
682,13.9,76.6
683,13.9,76.7
684,13.9,76.8
685,13.9,76.9
686,13.9,77
687,13.9,77.1
688,13.9,77.2
689,13.9,77.3
690,13.9,77.4
691,13.9,77.5
692,13.9,77.6
693,13.9,77.7
694,13.9,77.8
695,13.9,77.9
696,13.9,78
697,13.9,78.1
698,13.9,78.2
699,13.9,78.3
700,13.9,78.4
701,14,75
702,14,75.1
703,14,75.2
704,14,75.3
705,14,75.4
706,14,75.5
707,14,75.6
708,14,75.7
709,14,75.8
710,14,75.9
711,14,76
712,14,76.1
713,14,76.2
714,14,76.3
715,14,76.4
716,14,76.5
717,14,76.6
718,14,76.7
719,14,76.8
720,14,76.9
721,14,77
722,14,77.1
723,14,77.2
724,14,77.3
725,14,77.4
726,14,77.5
727,14,77.6
728,14,77.7
729,14,77.8
730,14,77.9
731,14,78
732,14,78.1
733,14,78.2
734,14,78.3
735,14,78.4
736,14.1,75
737,14.1,75.1
738,14.1,75.2
739,14.1,75.3
740,14.1,75.4
741,14.1,75.5
742,14.1,75.6
743,14.1,75.7
744,14.1,75.8
745,14.1,75.9
746,14.1,76
747,14.1,76.1
748,14.1,76.2
749,14.1,76.3
750,14.1,76.4
751,14.1,76.5
752,14.1,76.6
753,14.1,76.7
754,14.1,76.8
755,14.1,76.9
756,14.1,77
757,14.1,77.1
758,14.1,77.2
759,14.1,77.3
760,14.1,77.4
761,14.1,77.5
762,14.1,77.6
763,14.1,77.7
764,14.1,77.8
765,14.1,77.9
766,14.1,78
767,14.1,78.1
768,14.1,78.2
769,14.1,78.3
770,14.1,78.4
771,14.2,75
772,14.2,75.1
773,14.2,75.2
774,14.2,75.3
775,14.2,75.4
776,14.2,75.5
777,14.2,75.6
778,14.2,75.7
779,14.2,75.8
780,14.2,75.9
781,14.2,76
782,14.2,76.1
783,14.2,76.2
784,14.2,76.3
785,14.2,76.4
786,14.2,76.5
787,14.2,76.6
788,14.2,76.7
789,14.2,76.8
790,14.2,76.9
791,14.2,77
792,14.2,77.1
793,14.2,77.2
794,14.2,77.3
795,14.2,77.4
796,14.2,77.5
797,14.2,77.6
798,14.2,77.7
799,14.2,77.8
800,14.2,77.9
801,14.2,78
802,14.2,78.1
803,14.2,78.2
804,14.2,78.3
805,14.2,78.4
806,14.3,75
807,14.3,75.1
808,14.3,75.2
809,14.3,75.3
810,14.3,75.4
811,14.3,75.5
812,14.3,75.6
813,14.3,75.7
814,14.3,75.8
815,14.3,75.9
816,14.3,76
817,14.3,76.1
818,14.3,76.2
819,14.3,76.3
820,14.3,76.4
821,14.3,76.5
822,14.3,76.6
823,14.3,76.7
824,14.3,76.8
825,14.3,76.9
826,14.3,77
827,14.3,77.1
828,14.3,77.2
829,14.3,77.3
830,14.3,77.4
831,14.3,77.5
832,14.3,77.6
833,14.3,77.7
834,14.3,77.8
835,14.3,77.9
836,14.3,78
837,14.3,78.1
838,14.3,78.2
839,14.3,78.3
840,14.3,78.4
841,14.4,75
842,14.4,75.1
843,14.4,75.2
844,14.4,75.3
845,14.4,75.4
846,14.4,75.5
847,14.4,75.6
848,14.4,75.7
849,14.4,75.8
850,14.4,75.9
851,14.4,76
852,14.4,76.1
853,14.4,76.2
854,14.4,76.3
855,14.4,76.4
856,14.4,76.5
857,14.4,76.6
858,14.4,76.7
859,14.4,76.8
860,14.4,76.9
861,14.4,77
862,14.4,77.1
863,14.4,77.2
864,14.4,77.3
865,14.4,77.4
866,14.4,77.5
867,14.4,77.6
868,14.4,77.7
869,14.4,77.8
870,14.4,77.9
871,14.4,78
872,14.4,78.1
873,14.4,78.2
874,14.4,78.3
875,14.4,78.4
876,14.5,75
877,14.5,75.1
878,14.5,75.2
879,14.5,75.3
880,14.5,75.4
881,14.5,75.5
882,14.5,75.6
883,14.5,75.7
884,14.5,75.8
885,14.5,75.9
886,14.5,76
887,14.5,76.1
888,14.5,76.2
889,14.5,76.3
890,14.5,76.4
891,14.5,76.5
892,14.5,76.6
893,14.5,76.7
894,14.5,76.8
895,14.5,76.9
896,14.5,77
897,14.5,77.1
898,14.5,77.2
899,14.5,77.3
900,14.5,77.4
901,14.5,77.5
902,14.5,77.6
903,14.5,77.7
904,14.5,77.8
905,14.5,77.9
906,14.5,78
907,14.5,78.1
908,14.5,78.2
909,14.5,78.3
910,14.5,78.4
911,14.6,75
912,14.6,75.1
913,14.6,75.2
914,14.6,75.3
915,14.6,75.4
916,14.6,75.5
917,14.6,75.6
918,14.6,75.7
919,14.6,75.8
920,14.6,75.9
921,14.6,76
922,14.6,76.1
923,14.6,76.2
924,14.6,76.3
925,14.6,76.4
926,14.6,76.5
927,14.6,76.6
928,14.6,76.7
929,14.6,76.8
930,14.6,76.9
931,14.6,77
932,14.6,77.1
933,14.6,77.2
934,14.6,77.3
935,14.6,77.4
936,14.6,77.5
937,14.6,77.6
938,14.6,77.7
939,14.6,77.8
940,14.6,77.9
941,14.6,78
942,14.6,78.1
943,14.6,78.2
944,14.6,78.3
945,14.6,78.4
946,14.7,75
947,14.7,75.1
948,14.7,75.2
949,14.7,75.3
950,14.7,75.4
951,14.7,75.5
952,14.7,75.6
953,14.7,75.7
954,14.7,75.8
955,14.7,75.9
956,14.7,76
957,14.7,76.1
958,14.7,76.2
959,14.7,76.3
960,14.7,76.4
961,14.7,76.5
962,14.7,76.6
963,14.7,76.7
964,14.7,76.8
965,14.7,76.9
966,14.7,77
967,14.7,77.1
968,14.7,77.2
969,14.7,77.3
970,14.7,77.4
971,14.7,77.5
972,14.7,77.6
973,14.7,77.7
974,14.7,77.8
975,14.7,77.9
976,14.7,78
977,14.7,78.1
978,14.7,78.2
979,14.7,78.3
980,14.7,78.4
981,14.8,75
982,14.8,75.1
983,14.8,75.2
984,14.8,75.3
985,14.8,75.4
986,14.8,75.5
987,14.8,75.6
988,14.8,75.7
989,14.8,75.8
990,14.8,75.9
991,14.8,76
992,14.8,76.1
993,14.8,76.2
994,14.8,76.3
995,14.8,76.4
996,14.8,76.5
997,14.8,76.6
998,14.8,76.7
999,14.8,76.8
1000,14.8,76.9
1001,14.8,77
1002,14.8,77.1
1003,14.8,77.2
1004,14.8,77.3
1005,14.8,77.4
1006,14.8,77.5
1007,14.8,77.6
1008,14.8,77.7
1009,14.8,77.8
1010,14.8,77.9
1011,14.8,78
1012,14.8,78.1
1013,14.8,78.2
1014,14.8,78.3
1015,14.8,78.4
1016,14.9,75
1017,14.9,75.1
1018,14.9,75.2
1019,14.9,75.3
1020,14.9,75.4
1021,14.9,75.5
1022,14.9,75.6
1023,14.9,75.7
1024,14.9,75.8
1025,14.9,75.9
1026,14.9,76
1027,14.9,76.1
1028,14.9,76.2
1029,14.9,76.3
1030,14.9,76.4
1031,14.9,76.5
1032,14.9,76.6
1033,14.9,76.7
1034,14.9,76.8
1035,14.9,76.9
1036,14.9,77
1037,14.9,77.1
1038,14.9,77.2
1039,14.9,77.3
1040,14.9,77.4
1041,14.9,77.5
1042,14.9,77.6
1043,14.9,77.7
1044,14.9,77.8
1045,14.9,77.9
1046,14.9,78
1047,14.9,78.1
1048,14.9,78.2
1049,14.9,78.3
1050,14.9,78.4
1051,15,75
1052,15,75.1
1053,15,75.2
1054,15,75.3
1055,15,75.4
1056,15,75.5
1057,15,75.6
1058,15,75.7
1059,15,75.8
1060,15,75.9
1061,15,76
1062,15,76.1
1063,15,76.2
1064,15,76.3
1065,15,76.4
1066,15,76.5
1067,15,76.6
1068,15,76.7
1069,15,76.8
1070,15,76.9
1071,15,77
1072,15,77.1
1073,15,77.2
1074,15,77.3
1075,15,77.4
1076,15,77.5
1077,15,77.6
1078,15,77.7
1079,15,77.8
1080,15,77.9
1081,15,78
1082,15,78.1
1083,15,78.2
1084,15,78.3
1085,15,78.4
1086,15.1,75
1087,15.1,75.1
1088,15.1,75.2
1089,15.1,75.3
1090,15.1,75.4
1091,15.1,75.5
1092,15.1,75.6
1093,15.1,75.7
1094,15.1,75.8
1095,15.1,75.9
1096,15.1,76
1097,15.1,76.1
1098,15.1,76.2
1099,15.1,76.3
1100,15.1,76.4
1101,15.1,76.5
1102,15.1,76.6
1103,15.1,76.7
1104,15.1,76.8
1105,15.1,76.9
1106,15.1,77
1107,15.1,77.1
1108,15.1,77.2
1109,15.1,77.3
1110,15.1,77.4
1111,15.1,77.5
1112,15.1,77.6
1113,15.1,77.7
1114,15.1,77.8
1115,15.1,77.9
1116,15.1,78
1117,15.1,78.1
1118,15.1,78.2
1119,15.1,78.3
1120,15.1,78.4
1121,15.2,75
1122,15.2,75.1
1123,15.2,75.2
1124,15.2,75.3
1125,15.2,75.4
1126,15.2,75.5
1127,15.2,75.6
1128,15.2,75.7
1129,15.2,75.8
1130,15.2,75.9
1131,15.2,76
1132,15.2,76.1
1133,15.2,76.2
1134,15.2,76.3
1135,15.2,76.4
1136,15.2,76.5
1137,15.2,76.6
1138,15.2,76.7
1139,15.2,76.8
1140,15.2,76.9
1141,15.2,77
1142,15.2,77.1
1143,15.2,77.2
1144,15.2,77.3
1145,15.2,77.4
1146,15.2,77.5
1147,15.2,77.6
1148,15.2,77.7
1149,15.2,77.8
1150,15.2,77.9
1151,15.2,78
1152,15.2,78.1
1153,15.2,78.2
1154,15.2,78.3
1155,15.2,78.4
1156,15.3,75
1157,15.3,75.1
1158,15.3,75.2
1159,15.3,75.3
1160,15.3,75.4
1161,15.3,75.5
1162,15.3,75.6
1163,15.3,75.7
1164,15.3,75.8
1165,15.3,75.9
1166,15.3,76
1167,15.3,76.1
1168,15.3,76.2
1169,15.3,76.3
1170,15.3,76.4
1171,15.3,76.5
1172,15.3,76.6
1173,15.3,76.7
1174,15.3,76.8
1175,15.3,76.9
1176,15.3,77
1177,15.3,77.1
1178,15.3,77.2
1179,15.3,77.3
1180,15.3,77.4
1181,15.3,77.5
1182,15.3,77.6
1183,15.3,77.7
1184,15.3,77.8
1185,15.3,77.9
1186,15.3,78
1187,15.3,78.1
1188,15.3,78.2
1189,15.3,78.3
1190,15.3,78.4
1191,15.4,75
1192,15.4,75.1
1193,15.4,75.2
1194,15.4,75.3
1195,15.4,75.4
1196,15.4,75.5
1197,15.4,75.6
1198,15.4,75.7
1199,15.4,75.8
1200,15.4,75.9
1201,15.4,76
1202,15.4,76.1
1203,15.4,76.2
1204,15.4,76.3
1205,15.4,76.4
1206,15.4,76.5
1207,15.4,76.6
1208,15.4,76.7
1209,15.4,76.8
1210,15.4,76.9
1211,15.4,77
1212,15.4,77.1
1213,15.4,77.2
1214,15.4,77.3
1215,15.4,77.4
1216,15.4,77.5
1217,15.4,77.6
1218,15.4,77.7
1219,15.4,77.8
1220,15.4,77.9
1221,15.4,78
1222,15.4,78.1
1223,15.4,78.2
1224,15.4,78.3
1225,15.4,78.4
1226,15.5,75
1227,15.5,75.1
1228,15.5,75.2
1229,15.5,75.3
1230,15.5,75.4
1231,15.5,75.5
1232,15.5,75.6
1233,15.5,75.7
1234,15.5,75.8
1235,15.5,75.9
1236,15.5,76
1237,15.5,76.1
1238,15.5,76.2
1239,15.5,76.3
1240,15.5,76.4
1241,15.5,76.5
1242,15.5,76.6
1243,15.5,76.7
1244,15.5,76.8
1245,15.5,76.9
1246,15.5,77
1247,15.5,77.1
1248,15.5,77.2
1249,15.5,77.3
1250,15.5,77.4
1251,15.5,77.5
1252,15.5,77.6
1253,15.5,77.7
1254,15.5,77.8
1255,15.5,77.9
1256,15.5,78
1257,15.5,78.1
1258,15.5,78.2
1259,15.5,78.3
1260,15.5,78.4
1261,15.6,75
1262,15.6,75.1
1263,15.6,75.2
1264,15.6,75.3
1265,15.6,75.4
1266,15.6,75.5
1267,15.6,75.6
1268,15.6,75.7
1269,15.6,75.8
1270,15.6,75.9
1271,15.6,76
1272,15.6,76.1
1273,15.6,76.2
1274,15.6,76.3
1275,15.6,76.4
1276,15.6,76.5
1277,15.6,76.6
1278,15.6,76.7
1279,15.6,76.8
1280,15.6,76.9
1281,15.6,77
1282,15.6,77.1
1283,15.6,77.2
1284,15.6,77.3
1285,15.6,77.4
1286,15.6,77.5
1287,15.6,77.6
1288,15.6,77.7
1289,15.6,77.8
1290,15.6,77.9
1291,15.6,78
1292,15.6,78.1
1293,15.6,78.2
1294,15.6,78.3
1295,15.6,78.4
1296,15.7,75
1297,15.7,75.1
1298,15.7,75.2
1299,15.7,75.3
1300,15.7,75.4
1301,15.7,75.5
1302,15.7,75.6
1303,15.7,75.7
1304,15.7,75.8
1305,15.7,75.9
1306,15.7,76
1307,15.7,76.1
1308,15.7,76.2
1309,15.7,76.3
1310,15.7,76.4
1311,15.7,76.5
1312,15.7,76.6
1313,15.7,76.7
1314,15.7,76.8
1315,15.7,76.9
1316,15.7,77
1317,15.7,77.1
1318,15.7,77.2
1319,15.7,77.3
1320,15.7,77.4
1321,15.7,77.5
1322,15.7,77.6
1323,15.7,77.7
1324,15.7,77.8
1325,15.7,77.9
1326,15.7,78
1327,15.7,78.1
1328,15.7,78.2
1329,15.7,78.3
1330,15.7,78.4
1331,15.8,75
1332,15.8,75.1
1333,15.8,75.2
1334,15.8,75.3
1335,15.8,75.4
1336,15.8,75.5
1337,15.8,75.6
1338,15.8,75.7
1339,15.8,75.8
1340,15.8,75.9
1341,15.8,76
1342,15.8,76.1
1343,15.8,76.2
1344,15.8,76.3
1345,15.8,76.4
1346,15.8,76.5
1347,15.8,76.6
1348,15.8,76.7
1349,15.8,76.8
1350,15.8,76.9
1351,15.8,77
1352,15.8,77.1
1353,15.8,77.2
1354,15.8,77.3
1355,15.8,77.4
1356,15.8,77.5
1357,15.8,77.6
1358,15.8,77.7
1359,15.8,77.8
1360,15.8,77.9
1361,15.8,78
1362,15.8,78.1
1363,15.8,78.2
1364,15.8,78.3
1365,15.8,78.4
1366,15.9,75
1367,15.9,75.1
1368,15.9,75.2
1369,15.9,75.3
1370,15.9,75.4
1371,15.9,75.5
1372,15.9,75.6
1373,15.9,75.7
1374,15.9,75.8
1375,15.9,75.9
1376,15.9,76
1377,15.9,76.1
1378,15.9,76.2
1379,15.9,76.3
1380,15.9,76.4
1381,15.9,76.5
1382,15.9,76.6
1383,15.9,76.7
1384,15.9,76.8
1385,15.9,76.9
1386,15.9,77
1387,15.9,77.1
1388,15.9,77.2
1389,15.9,77.3
1390,15.9,77.4
1391,15.9,77.5
1392,15.9,77.6
1393,15.9,77.7
1394,15.9,77.8
1395,15.9,77.9
1396,15.9,78
1397,15.9,78.1
1398,15.9,78.2
1399,15.9,78.3
1400,15.9,78.4
1401,16,75
1402,16,75.1
1403,16,75.2
1404,16,75.3
1405,16,75.4
1406,16,75.5
1407,16,75.6
1408,16,75.7
1409,16,75.8
1410,16,75.9
1411,16,76
1412,16,76.1
1413,16,76.2
1414,16,76.3
1415,16,76.4
1416,16,76.5
1417,16,76.6
1418,16,76.7
1419,16,76.8
1420,16,76.9
1421,16,77
1422,16,77.1
1423,16,77.2
1424,16,77.3
1425,16,77.4
1426,16,77.5
1427,16,77.6
1428,16,77.7
1429,16,77.8
1430,16,77.9
1431,16,78
1432,16,78.1
1433,16,78.2
1434,16,78.3
1435,16,78.4
1436,16.1,75
1437,16.1,75.1
1438,16.1,75.2
1439,16.1,75.3
1440,16.1,75.4
1441,16.1,75.5
1442,16.1,75.6
1443,16.1,75.7
1444,16.1,75.8
1445,16.1,75.9
1446,16.1,76
1447,16.1,76.1
1448,16.1,76.2
1449,16.1,76.3
1450,16.1,76.4
1451,16.1,76.5
1452,16.1,76.6
1453,16.1,76.7
1454,16.1,76.8
1455,16.1,76.9
1456,16.1,77
1457,16.1,77.1
1458,16.1,77.2
1459,16.1,77.3
1460,16.1,77.4
1461,16.1,77.5
1462,16.1,77.6
1463,16.1,77.7
1464,16.1,77.8
1465,16.1,77.9
1466,16.1,78
1467,16.1,78.1
1468,16.1,78.2
1469,16.1,78.3
1470,16.1,78.4
1471,16.2,75
1472,16.2,75.1
1473,16.2,75.2
1474,16.2,75.3
1475,16.2,75.4
1476,16.2,75.5
1477,16.2,75.6
1478,16.2,75.7
1479,16.2,75.8
1480,16.2,75.9
1481,16.2,76
1482,16.2,76.1
1483,16.2,76.2
1484,16.2,76.3
1485,16.2,76.4
1486,16.2,76.5
1487,16.2,76.6
1488,16.2,76.7
1489,16.2,76.8
1490,16.2,76.9
1491,16.2,77
1492,16.2,77.1
1493,16.2,77.2
1494,16.2,77.3
1495,16.2,77.4
1496,16.2,77.5
1497,16.2,77.6
1498,16.2,77.7
1499,16.2,77.8
1500,16.2,77.9
1501,16.2,78
1502,16.2,78.1
1503,16.2,78.2
1504,16.2,78.3
1505,16.2,78.4
1506,16.3,75
1507,16.3,75.1
1508,16.3,75.2
1509,16.3,75.3
1510,16.3,75.4
1511,16.3,75.5
1512,16.3,75.6
1513,16.3,75.7
1514,16.3,75.8
1515,16.3,75.9
1516,16.3,76
1517,16.3,76.1
1518,16.3,76.2
1519,16.3,76.3
1520,16.3,76.4
1521,16.3,76.5
1522,16.3,76.6
1523,16.3,76.7
1524,16.3,76.8
1525,16.3,76.9
1526,16.3,77
1527,16.3,77.1
1528,16.3,77.2
1529,16.3,77.3
1530,16.3,77.4
1531,16.3,77.5
1532,16.3,77.6
1533,16.3,77.7
1534,16.3,77.8
1535,16.3,77.9
1536,16.3,78
1537,16.3,78.1
1538,16.3,78.2
1539,16.3,78.3
1540,16.3,78.4
1541,16.4,75
1542,16.4,75.1
1543,16.4,75.2
1544,16.4,75.3
1545,16.4,75.4
1546,16.4,75.5
1547,16.4,75.6
1548,16.4,75.7
1549,16.4,75.8
1550,16.4,75.9
1551,16.4,76
1552,16.4,76.1
1553,16.4,76.2
1554,16.4,76.3
1555,16.4,76.4
1556,16.4,76.5
1557,16.4,76.6
1558,16.4,76.7
1559,16.4,76.8
1560,16.4,76.9
1561,16.4,77
1562,16.4,77.1
1563,16.4,77.2
1564,16.4,77.3
1565,16.4,77.4
1566,16.4,77.5
1567,16.4,77.6
1568,16.4,77.7
1569,16.4,77.8
1570,16.4,77.9
1571,16.4,78
1572,16.4,78.1
1573,16.4,78.2
1574,16.4,78.3
1575,16.4,78.4
