ID,Latitude,Longitude,Slope
1,12.0,75.0,89.9893798828125
2,12.0,75.1,89.9893798828125
3,12.0,75.2,89.9893798828125
4,12.0,75.3,89.9893798828125
5,12.0,75.4,89.9893798828125
6,12.0,75.5,89.9893798828125
7,12.0,75.6,89.9893798828125
8,12.0,75.7,89.9893798828125
9,12.0,75.8,89.9893798828125
10,12.0,75.9,89.9893798828125
11,12.0,76.0,89.9893798828125
12,12.0,76.1,89.9893798828125
13,12.0,76.2,89.9893798828125
14,12.0,76.3,89.9893798828125
15,12.0,76.4,89.9893798828125
16,12.0,76.5,89.9893798828125
17,12.0,76.6,89.9893798828125
18,12.0,76.7,89.9893798828125
19,12.0,76.8,89.9893798828125
20,12.0,76.9,89.9893798828125
21,12.0,77.0,89.9893798828125
22,12.0,77.1,89.9893798828125
23,12.0,77.2,89.9893798828125
24,12.0,77.3,89.9893798828125
25,12.0,77.4,89.9893798828125
26,12.0,77.5,89.9893798828125
27,12.0,77.6,89.9893798828125
28,12.0,77.7,89.9893798828125
29,12.0,77.8,89.9893798828125
30,12.0,77.9,89.9893798828125
31,12.0,78.0,89.9893798828125
32,12.0,78.1,89.9893798828125
33,12.0,78.2,89.9893798828125
34,12.0,78.3,89.9893798828125
35,12.0,78.4,89.9893798828125
36,12.1,75.0,0.0
37,12.1,75.1,0.0
38,12.1,75.2,89.98575592041016
39,12.1,75.3,89.9964828491211
40,12.1,75.4,89.97748565673828
41,12.1,75.5,89.99562072753906
42,12.1,75.6,89.99919128417969
43,12.1,75.7,89.99867248535156
44,12.1,75.8,89.99838256835938
45,12.1,75.9,89.98575592041016
46,12.1,76.0,89.9936294555664
47,12.1,76.1,89.98992919921875
48,12.1,76.2,89.99544525146484
49,12.1,76.3,89.98992919921875
50,12.1,76.4,89.9681625366211
51,12.1,76.5,89.98575592041016
52,12.1,76.6,89.9936294555664
53,12.1,76.7,0.0
54,12.1,76.8,89.97748565673828
55,12.1,76.9,89.98873901367188
56,12.1,77.0,89.98992919921875
57,12.1,77.1,89.9985580444336
58,12.1,77.2,89.99227142333984
59,12.1,77.3,89.99227142333984
60,12.1,77.4,89.99407958984375
61,12.1,77.5,89.9681625366211
62,12.1,77.6,89.99920654296875
63,12.1,77.7,89.99849700927734
64,12.1,77.8,89.99736022949219
65,12.1,77.9,89.97748565673828
66,12.1,78.0,89.99227142333984
67,12.1,78.1,89.97748565673828
68,12.1,78.2,89.99227142333984
69,12.1,78.3,89.98992919921875
70,12.1,78.4,89.99288177490234
71,12.2,75.0,0.0
72,12.2,75.1,0.0
73,12.2,75.2,89.99562072753906
74,12.2,75.3,89.99654388427734
75,12.2,75.4,89.99795532226562
76,12.2,75.5,89.99888610839844
77,12.2,75.6,89.9990005493164
78,12.2,75.7,89.99468994140625
79,12.2,75.8,89.9936294555664
80,12.2,75.9,89.99227142333984
81,12.2,76.0,89.97748565673828
82,12.2,76.1,89.99227142333984
83,12.2,76.2,89.98992919921875
84,12.2,76.3,89.98992919921875
85,12.2,76.4,89.99116516113281
86,12.2,76.5,89.99227142333984
87,12.2,76.6,89.99227142333984
88,12.2,76.7,89.99116516113281
89,12.2,76.8,89.98575592041016
90,12.2,76.9,89.98575592041016
91,12.2,77.0,89.98992919921875
92,12.2,77.1,89.98575592041016
93,12.2,77.2,89.99905395507812
94,12.2,77.3,89.97748565673828
95,12.2,77.4,89.99288177490234
96,12.2,77.5,89.99890899658203
97,12.2,77.6,89.99407958984375
98,12.2,77.7,89.99823760986328
99,12.2,77.8,89.9920425415039
100,12.2,77.9,89.99726867675781
101,12.2,78.0,89.99861907958984
102,12.2,78.1,89.97748565673828
103,12.2,78.2,89.9893798828125
104,12.2,78.3,89.98575592041016
105,12.2,78.4,89.98575592041016
106,12.3,75.0,0.0
107,12.3,75.1,89.9681625366211
108,12.3,75.2,89.99475860595703
109,12.3,75.3,89.99832153320312
110,12.3,75.4,89.98575592041016
111,12.3,75.5,89.99896240234375
112,12.3,75.6,89.99794006347656
113,12.3,75.7,89.9983139038086
114,12.3,75.8,89.99557495117188
115,12.3,75.9,89.99629211425781
116,12.3,76.0,89.99249267578125
117,12.3,76.1,89.99227142333984
118,12.3,76.2,89.9937515258789
119,12.3,76.3,89.98992919921875
120,12.3,76.4,89.9920425415039
121,12.3,76.5,89.9681625366211
122,12.3,76.6,89.99227142333984
123,12.3,76.7,89.99116516113281
124,12.3,76.8,89.9893798828125
125,12.3,76.9,89.9989242553711
126,12.3,77.0,89.99116516113281
127,12.3,77.1,89.98407745361328
128,12.3,77.2,89.99860382080078
129,12.3,77.3,0.0
130,12.3,77.4,89.9936294555664
131,12.3,77.5,89.99921417236328
132,12.3,77.6,89.98575592041016
133,12.3,77.7,89.99675750732422
134,12.3,77.8,89.99812316894531
135,12.3,77.9,89.99844360351562
136,12.3,78.0,89.97748565673828
137,12.3,78.1,89.9681625366211
138,12.3,78.2,89.98992919921875
139,12.3,78.3,89.97748565673828
140,12.3,78.4,89.9920425415039
141,12.4,75.0,0.0
142,12.4,75.1,89.99407958984375
143,12.4,75.2,89.9973373413086
144,12.4,75.3,89.99932861328125
145,12.4,75.4,89.99855041503906
146,12.4,75.5,89.99811553955078
147,12.4,75.6,89.99826049804688
148,12.4,75.7,89.99726867675781
149,12.4,75.8,89.99855041503906
150,12.4,75.9,89.99591827392578
151,12.4,76.0,89.99116516113281
152,12.4,76.1,89.9893798828125
153,12.4,76.2,89.99227142333984
154,12.4,76.3,89.9936294555664
155,12.4,76.4,89.98992919921875
156,12.4,76.5,89.9936294555664
157,12.4,76.6,89.98992919921875
158,12.4,76.7,89.9945297241211
159,12.4,76.8,89.97748565673828
160,12.4,76.9,89.9681625366211
161,12.4,77.0,89.9893798828125
162,12.4,77.1,89.98407745361328
163,12.4,77.2,89.99288177490234
164,12.4,77.3,89.99738311767578
165,12.4,77.4,89.9920425415039
166,12.4,77.5,89.9937515258789
167,12.4,77.6,89.99654388427734
168,12.4,77.7,89.9936294555664
169,12.4,77.8,89.99116516113281
170,12.4,77.9,89.99288177490234
171,12.4,78.0,89.99227142333984
172,12.4,78.1,89.98575592041016
173,12.4,78.2,89.98575592041016
174,12.4,78.3,89.99288177490234
175,12.4,78.4,89.98992919921875
176,12.5,75.0,89.99820709228516
177,12.5,75.1,89.99524688720703
178,12.5,75.2,89.99761962890625
179,12.5,75.3,89.99771118164062
180,12.5,75.4,89.99846649169922
181,12.5,75.5,89.99823760986328
182,12.5,75.6,89.99848175048828
183,12.5,75.7,89.99288177490234
184,12.5,75.8,89.99496459960938
185,12.5,75.9,89.99604797363281
186,12.5,76.0,89.9681625366211
187,12.5,76.1,89.98992919921875
188,12.5,76.2,89.99227142333984
189,12.5,76.3,89.98575592041016
190,12.5,76.4,89.98992919921875
191,12.5,76.5,89.99288177490234
192,12.5,76.6,89.98575592041016
193,12.5,76.7,89.9681625366211
194,12.5,76.8,89.98992919921875
195,12.5,76.9,0.0
196,12.5,77.0,89.98575592041016
197,12.5,77.1,89.98992919921875
198,12.5,77.2,89.9893798828125
199,12.5,77.3,89.99544525146484
200,12.5,77.4,89.99496459960938
201,12.5,77.5,89.99853515625
202,12.5,77.6,89.98992919921875
203,12.5,77.7,89.98407745361328
204,12.5,77.8,89.9937515258789
205,12.5,77.9,89.99726867675781
206,12.5,78.0,89.98992919921875
207,12.5,78.1,0.0
208,12.5,78.2,89.99690246582031
209,12.5,78.3,89.98575592041016
210,12.5,78.4,89.9681625366211
211,12.6,75.0,89.99762725830078
212,12.6,75.1,89.99790954589844
213,12.6,75.2,89.99116516113281
214,12.6,75.3,89.98992919921875
215,12.6,75.4,89.99601745605469
216,12.6,75.5,89.99808502197266
217,12.6,75.6,89.99475860595703
218,12.6,75.7,89.99735260009766
219,12.6,75.8,89.99857330322266
220,12.6,75.9,89.99549865722656
221,12.6,76.0,89.98992919921875
222,12.6,76.1,89.98575592041016
223,12.6,76.2,89.9937515258789
224,12.6,76.3,89.98575592041016
225,12.6,76.4,89.99604797363281
226,12.6,76.5,89.9681625366211
227,12.6,76.6,89.99496459960938
228,12.6,76.7,89.99116516113281
229,12.6,76.8,89.98992919921875
230,12.6,76.9,89.97748565673828
231,12.6,77.0,89.98873901367188
232,12.6,77.1,89.98575592041016
233,12.6,77.2,89.97748565673828
234,12.6,77.3,89.9936294555664
235,12.6,77.4,89.9893798828125
236,12.6,77.5,89.98992919921875
237,12.6,77.6,89.99714660644531
238,12.6,77.7,89.97748565673828
239,12.6,77.8,89.99834442138672
240,12.6,77.9,89.9964828491211
241,12.6,78.0,89.97748565673828
242,12.6,78.1,89.99475860595703
243,12.6,78.2,89.99921417236328
244,12.6,78.3,89.97748565673828
245,12.6,78.4,89.9945297241211
246,12.7,75.0,89.99870300292969
247,12.7,75.1,89.99604797363281
248,12.7,75.2,89.99116516113281
249,12.7,75.3,89.99714660644531
250,12.7,75.4,89.98992919921875
251,12.7,75.5,89.99844360351562
252,12.7,75.6,89.99681091308594
253,12.7,75.7,89.9990234375
254,12.7,75.8,89.99755096435547
255,12.7,75.9,89.9964370727539
256,12.7,76.0,89.99557495117188
257,12.7,76.1,89.98992919921875
258,12.7,76.2,89.9920425415039
259,12.7,76.3,89.98575592041016
260,12.7,76.4,89.9681625366211
261,12.7,76.5,89.99288177490234
262,12.7,76.6,89.9681625366211
263,12.7,76.7,89.99407958984375
264,12.7,76.8,89.99591827392578
265,12.7,76.9,89.98407745361328
266,12.7,77.0,89.9937515258789
267,12.7,77.1,89.98992919921875
268,12.7,77.2,89.99828338623047
269,12.7,77.3,89.99496459960938
270,12.7,77.4,89.99604797363281
271,12.7,77.5,89.99562072753906
272,12.7,77.6,89.99436950683594
273,12.7,77.7,89.99227142333984
274,12.7,77.8,0.0
275,12.7,77.9,89.99116516113281
276,12.7,78.0,89.97748565673828
277,12.7,78.1,89.998291015625
278,12.7,78.2,89.9937515258789
279,12.7,78.3,89.99249267578125
280,12.7,78.4,89.98992919921875
281,12.8,75.0,89.99794006347656
282,12.8,75.1,89.99881744384766
283,12.8,75.2,89.99436950683594
284,12.8,75.3,89.99227142333984
285,12.8,75.4,89.99524688720703
286,12.8,75.5,89.99736022949219
287,12.8,75.6,89.99925994873047
288,12.8,75.7,89.99629211425781
289,12.8,75.8,89.99629211425781
290,12.8,75.9,89.98992919921875
291,12.8,76.0,0.0
292,12.8,76.1,89.99116516113281
293,12.8,76.2,89.97748565673828
294,12.8,76.3,89.98407745361328
295,12.8,76.4,89.98407745361328
296,12.8,76.5,89.97748565673828
297,12.8,76.6,89.9681625366211
298,12.8,76.7,89.99629211425781
299,12.8,76.8,89.98873901367188
300,12.8,76.9,89.99227142333984
301,12.8,77.0,89.9681625366211
302,12.8,77.1,89.99581909179688
303,12.8,77.2,89.98992919921875
304,12.8,77.3,89.99654388427734
305,12.8,77.4,89.97748565673828
306,12.8,77.5,89.97748565673828
307,12.8,77.6,0.0
308,12.8,77.7,89.99249267578125
309,12.8,77.8,89.98873901367188
310,12.8,77.9,89.98992919921875
311,12.8,78.0,89.99116516113281
312,12.8,78.1,89.99859619140625
313,12.8,78.2,89.98992919921875
314,12.8,78.3,89.99116516113281
315,12.8,78.4,89.98407745361328
316,12.9,75.0,89.99288177490234
317,12.9,75.1,89.99777221679688
318,12.9,75.2,89.9937515258789
319,12.9,75.3,89.97748565673828
320,12.9,75.4,89.99288177490234
321,12.9,75.5,89.9981918334961
322,12.9,75.6,89.99854278564453
323,12.9,75.7,89.99710083007812
324,12.9,75.8,89.99810028076172
325,12.9,75.9,89.9977035522461
326,12.9,76.0,89.9920425415039
327,12.9,76.1,89.9945297241211
328,12.9,76.2,89.97748565673828
329,12.9,76.3,89.98992919921875
330,12.9,76.4,89.98407745361328
331,12.9,76.5,89.98873901367188
332,12.9,76.6,89.9920425415039
333,12.9,76.7,89.99496459960938
334,12.9,76.8,89.98992919921875
335,12.9,76.9,89.97748565673828
336,12.9,77.0,89.98407745361328
337,12.9,77.1,89.99249267578125
338,12.9,77.2,89.99227142333984
339,12.9,77.3,89.99872589111328
340,12.9,77.4,89.99227142333984
341,12.9,77.5,89.99524688720703
342,12.9,77.6,89.98575592041016
343,12.9,77.7,89.9681625366211
344,12.9,77.8,89.99288177490234
345,12.9,77.9,89.98575592041016
346,12.9,78.0,89.99249267578125
347,12.9,78.1,89.98407745361328
348,12.9,78.2,89.99116516113281
349,12.9,78.3,0.0
350,12.9,78.4,89.97748565673828
351,13.0,75.0,89.99735260009766
352,13.0,75.1,89.99726867675781
353,13.0,75.2,89.99681091308594
354,13.0,75.3,89.99475860595703
355,13.0,75.4,89.99604797363281
356,13.0,75.5,89.99862670898438
357,13.0,75.6,89.99604797363281
358,13.0,75.7,89.99785614013672
359,13.0,75.8,89.99604797363281
360,13.0,75.9,89.9936294555664
361,13.0,76.0,89.99436950683594
362,13.0,76.1,89.9681625366211
363,13.0,76.2,89.9936294555664
364,13.0,76.3,89.99407958984375
365,13.0,76.4,89.9681625366211
366,13.0,76.5,89.98407745361328
367,13.0,76.6,89.97748565673828
368,13.0,76.7,89.99496459960938
369,13.0,76.8,89.99227142333984
370,13.0,76.9,89.98407745361328
371,13.0,77.0,89.98575592041016
372,13.0,77.1,89.98992919921875
373,13.0,77.2,89.98873901367188
374,13.0,77.3,89.99116516113281
375,13.0,77.4,89.99116516113281
376,13.0,77.5,89.99227142333984
377,13.0,77.6,89.9681625366211
378,13.0,77.7,89.97748565673828
379,13.0,77.8,89.98575592041016
380,13.0,77.9,89.98407745361328
381,13.0,78.0,89.97748565673828
382,13.0,78.1,89.99851989746094
383,13.0,78.2,89.9681625366211
384,13.0,78.3,89.97748565673828
385,13.0,78.4,89.98992919921875
386,13.1,75.0,89.99227142333984
387,13.1,75.1,89.97748565673828
388,13.1,75.2,89.99817657470703
389,13.1,75.3,89.99909973144531
390,13.1,75.4,89.99830627441406
391,13.1,75.5,89.9988784790039
392,13.1,75.6,89.99227142333984
393,13.1,75.7,89.9964599609375
394,13.1,75.8,89.99705505371094
395,13.1,75.9,89.9893798828125
396,13.1,76.0,89.99249267578125
397,13.1,76.1,89.98575592041016
398,13.1,76.2,89.99116516113281
399,13.1,76.3,89.98407745361328
400,13.1,76.4,89.9893798828125
401,13.1,76.5,0.0
402,13.1,76.6,89.98992919921875
403,13.1,76.7,0.0
404,13.1,76.8,89.9893798828125
405,13.1,76.9,89.98575592041016
406,13.1,77.0,89.9893798828125
407,13.1,77.1,89.98407745361328
408,13.1,77.2,89.98407745361328
409,13.1,77.3,89.98575592041016
410,13.1,77.4,89.99288177490234
411,13.1,77.5,89.98575592041016
412,13.1,77.6,89.98992919921875
413,13.1,77.7,89.9937515258789
414,13.1,77.8,89.98575592041016
415,13.1,77.9,89.98992919921875
416,13.1,78.0,89.98873901367188
417,13.1,78.1,89.9681625366211
418,13.1,78.2,89.9681625366211
419,13.1,78.3,89.99613189697266
420,13.1,78.4,89.97748565673828
421,13.2,75.0,89.98407745361328
422,13.2,75.1,89.99549865722656
423,13.2,75.2,89.9976577758789
424,13.2,75.3,89.99861907958984
425,13.2,75.4,89.9989242553711
426,13.2,75.5,89.97748565673828
427,13.2,75.6,89.99227142333984
428,13.2,75.7,89.99703979492188
429,13.2,75.8,89.98992919921875
430,13.2,75.9,89.98407745361328
431,13.2,76.0,89.98873901367188
432,13.2,76.1,89.9681625366211
433,13.2,76.2,89.99705505371094
434,13.2,76.3,89.9936294555664
435,13.2,76.4,89.99116516113281
436,13.2,76.5,89.9936294555664
437,13.2,76.6,89.99227142333984
438,13.2,76.7,89.9681625366211
439,13.2,76.8,89.9893798828125
440,13.2,76.9,89.99116516113281
441,13.2,77.0,89.98992919921875
442,13.2,77.1,89.9920425415039
443,13.2,77.2,89.99468994140625
444,13.2,77.3,89.98873901367188
445,13.2,77.4,89.9681625366211
446,13.2,77.5,0.0
447,13.2,77.6,89.98407745361328
448,13.2,77.7,89.9937515258789
449,13.2,77.8,89.9893798828125
450,13.2,77.9,89.98992919921875
451,13.2,78.0,89.9893798828125
452,13.2,78.1,89.98992919921875
453,13.2,78.2,89.9936294555664
454,13.2,78.3,89.97748565673828
455,13.2,78.4,89.97748565673828
456,13.3,75.0,89.9893798828125
457,13.3,75.1,89.99846649169922
458,13.3,75.2,89.99879455566406
459,13.3,75.3,89.99549865722656
460,13.3,75.4,89.9976577758789
461,13.3,75.5,89.99613189697266
462,13.3,75.6,89.99591827392578
463,13.3,75.7,89.99581909179688
464,13.3,75.8,89.99544525146484
465,13.3,75.9,89.99857330322266
466,13.3,76.0,0.0
467,13.3,76.1,89.98575592041016
468,13.3,76.2,89.9964599609375
469,13.3,76.3,89.98992919921875
470,13.3,76.4,89.97748565673828
471,13.3,76.5,89.9681625366211
472,13.3,76.6,89.9681625366211
473,13.3,76.7,89.97748565673828
474,13.3,76.8,89.9936294555664
475,13.3,76.9,89.98575592041016
476,13.3,77.0,89.98407745361328
477,13.3,77.1,89.9893798828125
478,13.3,77.2,89.9920425415039
479,13.3,77.3,89.99116516113281
480,13.3,77.4,89.98992919921875
481,13.3,77.5,89.97748565673828
482,13.3,77.6,89.98407745361328
483,13.3,77.7,89.98407745361328
484,13.3,77.8,89.98992919921875
485,13.3,77.9,89.99288177490234
486,13.3,78.0,89.98407745361328
487,13.3,78.1,89.97748565673828
488,13.3,78.2,89.98992919921875
489,13.3,78.3,89.98873901367188
490,13.3,78.4,89.98575592041016
491,13.4,75.0,89.98873901367188
492,13.4,75.1,89.99897003173828
493,13.4,75.2,89.98407745361328
494,13.4,75.3,89.99549865722656
495,13.4,75.4,89.99854278564453
496,13.4,75.5,89.99751281738281
497,13.4,75.6,89.9992904663086
498,13.4,75.7,89.9977035522461
499,13.4,75.8,89.9964370727539
500,13.4,75.9,89.98992919921875
501,13.4,76.0,89.99557495117188
502,13.4,76.1,89.97748565673828
503,13.4,76.2,89.9936294555664
504,13.4,76.3,89.99604797363281
505,13.4,76.4,89.99227142333984
506,13.4,76.5,89.9681625366211
507,13.4,76.6,89.99227142333984
508,13.4,76.7,89.99754333496094
509,13.4,76.8,89.98407745361328
510,13.4,76.9,89.97748565673828
511,13.4,77.0,89.98407745361328
512,13.4,77.1,89.9681625366211
513,13.4,77.2,89.99502563476562
514,13.4,77.3,89.98575592041016
515,13.4,77.4,89.9920425415039
516,13.4,77.5,89.99549865722656
517,13.4,77.6,89.99116516113281
518,13.4,77.7,89.9893798828125
519,13.4,77.8,89.99557495117188
520,13.4,77.9,89.97748565673828
521,13.4,78.0,89.9964828491211
522,13.4,78.1,89.98575592041016
523,13.4,78.2,89.98575592041016
524,13.4,78.3,89.98873901367188
525,13.4,78.4,89.9893798828125
526,13.5,75.0,89.99654388427734
527,13.5,75.1,89.99857330322266
528,13.5,75.2,89.99502563476562
529,13.5,75.3,89.99800109863281
530,13.5,75.4,89.9920425415039
531,13.5,75.5,89.99475860595703
532,13.5,75.6,89.99562072753906
533,13.5,75.7,89.99785614013672
534,13.5,75.8,89.99675750732422
535,13.5,75.9,89.98992919921875
536,13.5,76.0,89.98873901367188
537,13.5,76.1,89.9681625366211
538,13.5,76.2,89.98992919921875
539,13.5,76.3,89.98407745361328
540,13.5,76.4,89.97748565673828
541,13.5,76.5,89.98575592041016
542,13.5,76.6,89.99227142333984
543,13.5,76.7,89.99751281738281
544,13.5,76.8,89.99835968017578
545,13.5,76.9,89.97748565673828
546,13.5,77.0,89.98407745361328
547,13.5,77.1,89.97748565673828
548,13.5,77.2,89.98407745361328
549,13.5,77.3,89.99288177490234
550,13.5,77.4,89.98873901367188
551,13.5,77.5,89.9937515258789
552,13.5,77.6,89.9681625366211
553,13.5,77.7,89.9991226196289
554,13.5,77.8,89.98575592041016
555,13.5,77.9,89.98575592041016
556,13.5,78.0,89.99227142333984
557,13.5,78.1,89.97748565673828
558,13.5,78.2,89.97748565673828
559,13.5,78.3,89.98992919921875
560,13.5,78.4,89.99116516113281
561,13.6,75.0,89.99116516113281
562,13.6,75.1,89.99557495117188
563,13.6,75.2,89.99654388427734
564,13.6,75.3,89.97748565673828
565,13.6,75.4,89.99854278564453
566,13.6,75.5,89.99436950683594
567,13.6,75.6,89.99475860595703
568,13.6,75.7,89.99771118164062
569,13.6,75.8,89.9681625366211
570,13.6,75.9,89.98407745361328
571,13.6,76.0,89.9893798828125
572,13.6,76.1,89.97748565673828
573,13.6,76.2,89.99116516113281
574,13.6,76.3,0.0
575,13.6,76.4,89.98575592041016
576,13.6,76.5,89.98992919921875
577,13.6,76.6,89.98992919921875
578,13.6,76.7,89.9984130859375
579,13.6,76.8,89.98575592041016
580,13.6,76.9,89.98992919921875
581,13.6,77.0,89.98407745361328
582,13.6,77.1,89.98407745361328
583,13.6,77.2,89.99436950683594
584,13.6,77.3,89.98575592041016
585,13.6,77.4,89.9936294555664
586,13.6,77.5,89.98992919921875
587,13.6,77.6,89.9681625366211
588,13.6,77.7,89.99116516113281
589,13.6,77.8,89.9920425415039
590,13.6,77.9,89.98575592041016
591,13.6,78.0,89.98992919921875
592,13.6,78.1,89.99116516113281
593,13.6,78.2,89.9945297241211
594,13.6,78.3,89.99524688720703
595,13.6,78.4,89.99690246582031
596,13.7,75.0,89.99785614013672
597,13.7,75.1,89.9980239868164
598,13.7,75.2,89.99562072753906
599,13.7,75.3,89.9936294555664
600,13.7,75.4,89.99604797363281
601,13.7,75.5,89.9937515258789
602,13.7,75.6,0.0
603,13.7,75.7,89.97748565673828
604,13.7,75.8,89.98992919921875
605,13.7,75.9,89.99227142333984
606,13.7,76.0,89.98575592041016
607,13.7,76.1,89.98992919921875
608,13.7,76.2,89.99468994140625
609,13.7,76.3,89.9936294555664
610,13.7,76.4,89.9936294555664
611,13.7,76.5,89.97748565673828
612,13.7,76.6,89.98873901367188
613,13.7,76.7,89.98992919921875
614,13.7,76.8,89.98575592041016
615,13.7,76.9,89.9681625366211
616,13.7,77.0,89.99116516113281
617,13.7,77.1,89.98992919921875
618,13.7,77.2,89.99116516113281
619,13.7,77.3,89.98407745361328
620,13.7,77.4,89.98992919921875
621,13.7,77.5,89.98992919921875
622,13.7,77.6,89.9681625366211
623,13.7,77.7,89.99227142333984
624,13.7,77.8,89.9681625366211
625,13.7,77.9,89.99774169921875
626,13.7,78.0,89.9937515258789
627,13.7,78.1,89.99116516113281
628,13.7,78.2,89.97748565673828
629,13.7,78.3,89.9937515258789
630,13.7,78.4,89.99116516113281
631,13.8,75.0,89.9681625366211
632,13.8,75.1,89.99496459960938
633,13.8,75.2,89.99496459960938
634,13.8,75.3,89.9964370727539
635,13.8,75.4,89.99755096435547
636,13.8,75.5,89.99249267578125
637,13.8,75.6,89.99407958984375
638,13.8,75.7,89.99468994140625
639,13.8,75.8,89.99544525146484
640,13.8,75.9,89.99870300292969
641,13.8,76.0,89.9893798828125
642,13.8,76.1,89.99116516113281
643,13.8,76.2,89.98992919921875
644,13.8,76.3,89.97748565673828
645,13.8,76.4,89.98575592041016
646,13.8,76.5,89.9936294555664
647,13.8,76.6,89.9945297241211
648,13.8,76.7,89.9937515258789
649,13.8,76.8,89.97748565673828
650,13.8,76.9,89.98575592041016
651,13.8,77.0,89.9681625366211
652,13.8,77.1,89.98873901367188
653,13.8,77.2,89.99116516113281
654,13.8,77.3,0.0
655,13.8,77.4,89.99227142333984
656,13.8,77.5,89.99288177490234
657,13.8,77.6,89.9681625366211
658,13.8,77.7,89.97748565673828
659,13.8,77.8,89.99227142333984
660,13.8,77.9,89.99806213378906
661,13.8,78.0,89.98873901367188
662,13.8,78.1,89.98575592041016
663,13.8,78.2,89.99562072753906
664,13.8,78.3,89.9986572265625
665,13.8,78.4,89.99663543701172
666,13.9,75.0,89.99227142333984
667,13.9,75.1,89.99549865722656
668,13.9,75.2,89.99557495117188
669,13.9,75.3,89.99407958984375
670,13.9,75.4,89.99654388427734
671,13.9,75.5,89.9936294555664
672,13.9,75.6,89.98873901367188
673,13.9,75.7,89.9681625366211
674,13.9,75.8,89.99859619140625
675,13.9,75.9,89.99805450439453
676,13.9,76.0,89.99436950683594
677,13.9,76.1,89.9964370727539
678,13.9,76.2,89.98873901367188
679,13.9,76.3,89.99249267578125
680,13.9,76.4,89.98575592041016
681,13.9,76.5,89.99496459960938
682,13.9,76.6,89.98873901367188
683,13.9,76.7,89.98407745361328
684,13.9,76.8,89.98575592041016
685,13.9,76.9,89.99116516113281
686,13.9,77.0,89.9681625366211
687,13.9,77.1,89.99116516113281
688,13.9,77.2,89.97748565673828
689,13.9,77.3,0.0
690,13.9,77.4,89.9681625366211
691,13.9,77.5,89.98407745361328
692,13.9,77.6,89.9945297241211
693,13.9,77.7,89.98407745361328
694,13.9,77.8,89.9936294555664
695,13.9,77.9,89.99761962890625
696,13.9,78.0,89.97748565673828
697,13.9,78.1,89.9681625366211
698,13.9,78.2,89.99613189697266
699,13.9,78.3,89.97748565673828
700,13.9,78.4,89.98407745361328
701,14.0,75.0,89.98575592041016
702,14.0,75.1,89.9936294555664
703,14.0,75.2,89.9937515258789
704,14.0,75.3,89.99227142333984
705,14.0,75.4,89.98575592041016
706,14.0,75.5,89.99288177490234
707,14.0,75.6,89.9893798828125
708,14.0,75.7,89.9936294555664
709,14.0,75.8,89.98575592041016
710,14.0,75.9,89.99604797363281
711,14.0,76.0,89.98873901367188
712,14.0,76.1,89.99249267578125
713,14.0,76.2,89.99562072753906
714,14.0,76.3,89.98575592041016
715,14.0,76.4,89.9980697631836
716,14.0,76.5,89.9936294555664
717,14.0,76.6,89.9681625366211
718,14.0,76.7,89.99249267578125
719,14.0,76.8,89.9681625366211
720,14.0,76.9,89.99116516113281
721,14.0,77.0,89.9893798828125
722,14.0,77.1,89.98992919921875
723,14.0,77.2,89.99502563476562
724,14.0,77.3,89.99116516113281
725,14.0,77.4,89.99227142333984
726,14.0,77.5,89.97748565673828
727,14.0,77.6,89.9681625366211
728,14.0,77.7,89.98575592041016
729,14.0,77.8,89.99475860595703
730,14.0,77.9,89.9936294555664
731,14.0,78.0,89.9920425415039
732,14.0,78.1,89.99544525146484
733,14.0,78.2,89.9893798828125
734,14.0,78.3,89.98992919921875
735,14.0,78.4,89.9936294555664
736,14.1,75.0,89.99227142333984
737,14.1,75.1,89.99407958984375
738,14.1,75.2,89.99407958984375
739,14.1,75.3,89.9920425415039
740,14.1,75.4,89.9937515258789
741,14.1,75.5,89.98575592041016
742,14.1,75.6,89.99475860595703
743,14.1,75.7,89.98992919921875
744,14.1,75.8,89.99757385253906
745,14.1,75.9,89.99116516113281
746,14.1,76.0,89.99227142333984
747,14.1,76.1,0.0
748,14.1,76.2,89.9936294555664
749,14.1,76.3,89.98992919921875
750,14.1,76.4,89.99496459960938
751,14.1,76.5,89.98575592041016
752,14.1,76.6,89.97748565673828
753,14.1,76.7,89.99116516113281
754,14.1,76.8,89.9681625366211
755,14.1,76.9,89.98575592041016
756,14.1,77.0,89.99116516113281
757,14.1,77.1,89.99853515625
758,14.1,77.2,89.98873901367188
759,14.1,77.3,89.9937515258789
760,14.1,77.4,89.97748565673828
761,14.1,77.5,89.9681625366211
762,14.1,77.6,89.98407745361328
763,14.1,77.7,89.99751281738281
764,14.1,77.8,0.0
765,14.1,77.9,89.99468994140625
766,14.1,78.0,89.99475860595703
767,14.1,78.1,89.98575592041016
768,14.1,78.2,89.99549865722656
769,14.1,78.3,89.98575592041016
770,14.1,78.4,89.9937515258789
771,14.2,75.0,89.97748565673828
772,14.2,75.1,89.99227142333984
773,14.2,75.2,89.99798583984375
774,14.2,75.3,89.99288177490234
775,14.2,75.4,89.9974594116211
776,14.2,75.5,89.99407958984375
777,14.2,75.6,89.98575592041016
778,14.2,75.7,89.99116516113281
779,14.2,75.8,89.99227142333984
780,14.2,75.9,89.98992919921875
781,14.2,76.0,89.98407745361328
782,14.2,76.1,89.9893798828125
783,14.2,76.2,89.99227142333984
784,14.2,76.3,89.98992919921875
785,14.2,76.4,89.9681625366211
786,14.2,76.5,89.9681625366211
787,14.2,76.6,89.98575592041016
788,14.2,76.7,89.9681625366211
789,14.2,76.8,0.0
790,14.2,76.9,89.99116516113281
791,14.2,77.0,89.9681625366211
792,14.2,77.1,89.9936294555664
793,14.2,77.2,89.9681625366211
794,14.2,77.3,89.99116516113281
795,14.2,77.4,0.0
796,14.2,77.5,89.99116516113281
797,14.2,77.6,89.9681625366211
798,14.2,77.7,89.9681625366211
799,14.2,77.8,89.98407745361328
800,14.2,77.9,89.99796295166016
801,14.2,78.0,89.98575592041016
802,14.2,78.1,89.99116516113281
803,14.2,78.2,89.99700164794922
804,14.2,78.3,89.9936294555664
805,14.2,78.4,89.9681625366211
806,14.3,75.0,89.98575592041016
807,14.3,75.1,89.98407745361328
808,14.3,75.2,89.9920425415039
809,14.3,75.3,89.98873901367188
810,14.3,75.4,89.98575592041016
811,14.3,75.5,89.97748565673828
812,14.3,75.6,89.98575592041016
813,14.3,75.7,0.0
814,14.3,75.8,89.98575592041016
815,14.3,75.9,89.9936294555664
816,14.3,76.0,89.9920425415039
817,14.3,76.1,89.97748565673828
818,14.3,76.2,89.99116516113281
819,14.3,76.3,89.9681625366211
820,14.3,76.4,89.99787902832031
821,14.3,76.5,89.9681625366211
822,14.3,76.6,89.98873901367188
823,14.3,76.7,89.98575592041016
824,14.3,76.8,89.98575592041016
825,14.3,76.9,89.98407745361328
826,14.3,77.0,89.9681625366211
827,14.3,77.1,89.98407745361328
828,14.3,77.2,89.9681625366211
829,14.3,77.3,89.9920425415039
830,14.3,77.4,0.0
831,14.3,77.5,0.0
832,14.3,77.6,89.98575592041016
833,14.3,77.7,89.98407745361328
834,14.3,77.8,89.97748565673828
835,14.3,77.9,89.99803924560547
836,14.3,78.0,89.99227142333984
837,14.3,78.1,89.99681091308594
838,14.3,78.2,89.99227142333984
839,14.3,78.3,89.9976577758789
840,14.3,78.4,89.99832916259766
841,14.4,75.0,89.9681625366211
842,14.4,75.1,89.98992919921875
843,14.4,75.2,0.0
844,14.4,75.3,89.99227142333984
845,14.4,75.4,89.99502563476562
846,14.4,75.5,89.98575592041016
847,14.4,75.6,89.97748565673828
848,14.4,75.7,89.98873901367188
849,14.4,75.8,89.98575592041016
850,14.4,75.9,89.9681625366211
851,14.4,76.0,89.9936294555664
852,14.4,76.1,89.99116516113281
853,14.4,76.2,89.99227142333984
854,14.4,76.3,89.98992919921875
855,14.4,76.4,89.98575592041016
856,14.4,76.5,89.98575592041016
857,14.4,76.6,89.99116516113281
858,14.4,76.7,89.9893798828125
859,14.4,76.8,89.9681625366211
860,14.4,76.9,89.98407745361328
861,14.4,77.0,89.98407745361328
862,14.4,77.1,89.98575592041016
863,14.4,77.2,89.98575592041016
864,14.4,77.3,89.98575592041016
865,14.4,77.4,89.98575592041016
866,14.4,77.5,89.98873901367188
867,14.4,77.6,89.9893798828125
868,14.4,77.7,89.99227142333984
869,14.4,77.8,89.98992919921875
870,14.4,77.9,89.98873901367188
871,14.4,78.0,89.9681625366211
872,14.4,78.1,89.99468994140625
873,14.4,78.2,89.97748565673828
874,14.4,78.3,89.9681625366211
875,14.4,78.4,89.98575592041016
876,14.5,75.0,89.98873901367188
877,14.5,75.1,89.99227142333984
878,14.5,75.2,89.9936294555664
879,14.5,75.3,89.9681625366211
880,14.5,75.4,89.99116516113281
881,14.5,75.5,89.9893798828125
882,14.5,75.6,89.9893798828125
883,14.5,75.7,89.98407745361328
884,14.5,75.8,89.97748565673828
885,14.5,75.9,89.98575592041016
886,14.5,76.0,89.98873901367188
887,14.5,76.1,89.98407745361328
888,14.5,76.2,89.98407745361328
889,14.5,76.3,89.98407745361328
890,14.5,76.4,89.9893798828125
891,14.5,76.5,89.98992919921875
892,14.5,76.6,89.97748565673828
893,14.5,76.7,89.98992919921875
894,14.5,76.8,89.97748565673828
895,14.5,76.9,89.98407745361328
896,14.5,77.0,89.98575592041016
897,14.5,77.1,89.98575592041016
898,14.5,77.2,89.98992919921875
899,14.5,77.3,89.98992919921875
900,14.5,77.4,89.98992919921875
901,14.5,77.5,89.98575592041016
902,14.5,77.6,89.98407745361328
903,14.5,77.7,89.9920425415039
904,14.5,77.8,89.97748565673828
905,14.5,77.9,89.98575592041016
906,14.5,78.0,89.99475860595703
907,14.5,78.1,89.9893798828125
908,14.5,78.2,89.9936294555664
909,14.5,78.3,89.9681625366211
910,14.5,78.4,89.99468994140625
911,14.6,75.0,89.97748565673828
912,14.6,75.1,89.99249267578125
913,14.6,75.2,89.9893798828125
914,14.6,75.3,89.98992919921875
915,14.6,75.4,0.0
916,14.6,75.5,89.97748565673828
917,14.6,75.6,89.9681625366211
918,14.6,75.7,89.99407958984375
919,14.6,75.8,89.9945297241211
920,14.6,75.9,89.98407745361328
921,14.6,76.0,89.9936294555664
922,14.6,76.1,89.9681625366211
923,14.6,76.2,89.9893798828125
924,14.6,76.3,89.9936294555664
925,14.6,76.4,89.98407745361328
926,14.6,76.5,89.99227142333984
927,14.6,76.6,89.9681625366211
928,14.6,76.7,89.98873901367188
929,14.6,76.8,0.0
930,14.6,76.9,89.9681625366211
931,14.6,77.0,89.99227142333984
932,14.6,77.1,89.99227142333984
933,14.6,77.2,89.9893798828125
934,14.6,77.3,0.0
935,14.6,77.4,89.99116516113281
936,14.6,77.5,89.97748565673828
937,14.6,77.6,89.98992919921875
938,14.6,77.7,89.98407745361328
939,14.6,77.8,89.9681625366211
940,14.6,77.9,89.98407745361328
941,14.6,78.0,89.99116516113281
942,14.6,78.1,89.9681625366211
943,14.6,78.2,89.98575592041016
944,14.6,78.3,89.99791717529297
945,14.6,78.4,89.99227142333984
946,14.7,75.0,89.9945297241211
947,14.7,75.1,89.98575592041016
948,14.7,75.2,89.98407745361328
949,14.7,75.3,89.97748565673828
950,14.7,75.4,89.98873901367188
951,14.7,75.5,89.98575592041016
952,14.7,75.6,89.9964370727539
953,14.7,75.7,89.9893798828125
954,14.7,75.8,89.99407958984375
955,14.7,75.9,89.98575592041016
956,14.7,76.0,89.9936294555664
957,14.7,76.1,89.9945297241211
958,14.7,76.2,89.98992919921875
959,14.7,76.3,89.9681625366211
960,14.7,76.4,89.99288177490234
961,14.7,76.5,89.97748565673828
962,14.7,76.6,89.9681625366211
963,14.7,76.7,89.97748565673828
964,14.7,76.8,89.99874877929688
965,14.7,76.9,89.98873901367188
966,14.7,77.0,89.9681625366211
967,14.7,77.1,89.99496459960938
968,14.7,77.2,89.97748565673828
969,14.7,77.3,89.98992919921875
970,14.7,77.4,89.99227142333984
971,14.7,77.5,89.97748565673828
972,14.7,77.6,89.97748565673828
973,14.7,77.7,89.99812316894531
974,14.7,77.8,89.98873901367188
975,14.7,77.9,89.99116516113281
976,14.7,78.0,89.99249267578125
977,14.7,78.1,89.9893798828125
978,14.7,78.2,89.98575592041016
979,14.7,78.3,89.99116516113281
980,14.7,78.4,89.99116516113281
981,14.8,75.0,89.98873901367188
982,14.8,75.1,89.98575592041016
983,14.8,75.2,89.98873901367188
984,14.8,75.3,89.98992919921875
985,14.8,75.4,89.99116516113281
986,14.8,75.5,89.98873901367188
987,14.8,75.6,89.98575592041016
988,14.8,75.7,89.97748565673828
989,14.8,75.8,89.9936294555664
990,14.8,75.9,89.97748565673828
991,14.8,76.0,89.99747467041016
992,14.8,76.1,89.9681625366211
993,14.8,76.2,89.9681625366211
994,14.8,76.3,89.99116516113281
995,14.8,76.4,89.99436950683594
996,14.8,76.5,89.99549865722656
997,14.8,76.6,89.98407745361328
998,14.8,76.7,89.98407745361328
999,14.8,76.8,89.9893798828125
1000,14.8,76.9,89.9681625366211
1001,14.8,77.0,89.98407745361328
1002,14.8,77.1,89.9893798828125
1003,14.8,77.2,89.97748565673828
1004,14.8,77.3,89.98992919921875
1005,14.8,77.4,89.99613189697266
1006,14.8,77.5,89.99249267578125
1007,14.8,77.6,89.98575592041016
1008,14.8,77.7,0.0
1009,14.8,77.8,89.98407745361328
1010,14.8,77.9,89.98873901367188
1011,14.8,78.0,89.98575592041016
1012,14.8,78.1,89.99475860595703
1013,14.8,78.2,89.97748565673828
1014,14.8,78.3,89.98407745361328
1015,14.8,78.4,89.9681625366211
1016,14.9,75.0,89.98992919921875
1017,14.9,75.1,89.98992919921875
1018,14.9,75.2,89.98992919921875
1019,14.9,75.3,89.9681625366211
1020,14.9,75.4,89.97748565673828
1021,14.9,75.5,89.99116516113281
1022,14.9,75.6,89.98992919921875
1023,14.9,75.7,89.99116516113281
1024,14.9,75.8,89.98575592041016
1025,14.9,75.9,89.99591827392578
1026,14.9,76.0,89.9681625366211
1027,14.9,76.1,89.99116516113281
1028,14.9,76.2,89.98575592041016
1029,14.9,76.3,89.99407958984375
1030,14.9,76.4,89.98575592041016
1031,14.9,76.5,89.99116516113281
1032,14.9,76.6,89.99407958984375
1033,14.9,76.7,89.998291015625
1034,14.9,76.8,89.98873901367188
1035,14.9,76.9,89.97748565673828
1036,14.9,77.0,0.0
1037,14.9,77.1,89.9681625366211
1038,14.9,77.2,89.99581909179688
1039,14.9,77.3,89.99116516113281
1040,14.9,77.4,89.98575592041016
1041,14.9,77.5,89.9945297241211
1042,14.9,77.6,89.99787902832031
1043,14.9,77.7,89.9990005493164
1044,14.9,77.8,89.98407745361328
1045,14.9,77.9,89.99288177490234
1046,14.9,78.0,89.99524688720703
1047,14.9,78.1,89.99116516113281
1048,14.9,78.2,89.9936294555664
1049,14.9,78.3,89.98992919921875
1050,14.9,78.4,89.97748565673828
1051,15.0,75.0,89.99249267578125
1052,15.0,75.1,89.9920425415039
1053,15.0,75.2,89.98575592041016
1054,15.0,75.3,89.9681625366211
1055,15.0,75.4,89.99436950683594
1056,15.0,75.5,89.9681625366211
1057,15.0,75.6,89.99116516113281
1058,15.0,75.7,89.98575592041016
1059,15.0,75.8,89.97748565673828
1060,15.0,75.9,89.99227142333984
1061,15.0,76.0,89.9920425415039
1062,15.0,76.1,89.98575592041016
1063,15.0,76.2,89.9893798828125
1064,15.0,76.3,89.99760437011719
1065,15.0,76.4,89.99227142333984
1066,15.0,76.5,89.98575592041016
1067,15.0,76.6,89.99711608886719
1068,15.0,76.7,89.99227142333984
1069,15.0,76.8,89.99681091308594
1070,15.0,76.9,89.97748565673828
1071,15.0,77.0,89.99288177490234
1072,15.0,77.1,89.98407745361328
1073,15.0,77.2,89.97748565673828
1074,15.0,77.3,89.98575592041016
1075,15.0,77.4,89.99116516113281
1076,15.0,77.5,89.99496459960938
1077,15.0,77.6,89.9681625366211
1078,15.0,77.7,89.9681625366211
1079,15.0,77.8,89.9681625366211
1080,15.0,77.9,89.99227142333984
1081,15.0,78.0,89.9681625366211
1082,15.0,78.1,89.98575592041016
1083,15.0,78.2,89.98992919921875
1084,15.0,78.3,89.98575592041016
1085,15.0,78.4,89.9893798828125
1086,15.1,75.0,89.9937515258789
1087,15.1,75.1,89.99227142333984
1088,15.1,75.2,89.99690246582031
1089,15.1,75.3,89.98575592041016
1090,15.1,75.4,89.99524688720703
1091,15.1,75.5,89.9681625366211
1092,15.1,75.6,0.0
1093,15.1,75.7,89.9920425415039
1094,15.1,75.8,89.98407745361328
1095,15.1,75.9,89.98575592041016
1096,15.1,76.0,89.97748565673828
1097,15.1,76.1,89.9893798828125
1098,15.1,76.2,89.99663543701172
1099,15.1,76.3,89.98992919921875
1100,15.1,76.4,89.98407745361328
1101,15.1,76.5,89.99872589111328
1102,15.1,76.6,89.9980239868164
1103,15.1,76.7,89.99227142333984
1104,15.1,76.8,89.99884796142578
1105,15.1,76.9,89.99475860595703
1106,15.1,77.0,89.97748565673828
1107,15.1,77.1,89.9681625366211
1108,15.1,77.2,89.9920425415039
1109,15.1,77.3,89.98575592041016
1110,15.1,77.4,89.9893798828125
1111,15.1,77.5,89.99288177490234
1112,15.1,77.6,89.98575592041016
1113,15.1,77.7,89.9893798828125
1114,15.1,77.8,89.9681625366211
1115,15.1,77.9,89.98575592041016
1116,15.1,78.0,89.99116516113281
1117,15.1,78.1,89.97748565673828
1118,15.1,78.2,89.98575592041016
1119,15.1,78.3,89.98575592041016
1120,15.1,78.4,89.9920425415039
1121,15.2,75.0,89.9681625366211
1122,15.2,75.1,89.97748565673828
1123,15.2,75.2,89.98992919921875
1124,15.2,75.3,89.98575592041016
1125,15.2,75.4,89.99116516113281
1126,15.2,75.5,89.9681625366211
1127,15.2,75.6,89.98992919921875
1128,15.2,75.7,89.97748565673828
1129,15.2,75.8,89.97748565673828
1130,15.2,75.9,89.97748565673828
1131,15.2,76.0,89.98575592041016
1132,15.2,76.1,89.9920425415039
1133,15.2,76.2,89.98407745361328
1134,15.2,76.3,89.98992919921875
1135,15.2,76.4,89.99888610839844
1136,15.2,76.5,89.9985580444336
1137,15.2,76.6,89.99116516113281
1138,15.2,76.7,89.99826049804688
1139,15.2,76.8,89.9937515258789
1140,15.2,76.9,89.98575592041016
1141,15.2,77.0,89.97748565673828
1142,15.2,77.1,89.9893798828125
1143,15.2,77.2,89.97748565673828
1144,15.2,77.3,89.97748565673828
1145,15.2,77.4,89.9681625366211
1146,15.2,77.5,89.99436950683594
1147,15.2,77.6,89.98575592041016
1148,15.2,77.7,89.99116516113281
1149,15.2,77.8,89.9983139038086
1150,15.2,77.9,89.9936294555664
1151,15.2,78.0,89.9936294555664
1152,15.2,78.1,0.0
1153,15.2,78.2,89.9681625366211
1154,15.2,78.3,89.97748565673828
1155,15.2,78.4,89.98575592041016
1156,15.3,75.0,89.98992919921875
1157,15.3,75.1,89.98873901367188
1158,15.3,75.2,89.9893798828125
1159,15.3,75.3,89.98575592041016
1160,15.3,75.4,89.9681625366211
1161,15.3,75.5,89.98575592041016
1162,15.3,75.6,89.9937515258789
1163,15.3,75.7,89.9681625366211
1164,15.3,75.8,89.98407745361328
1165,15.3,75.9,89.98575592041016
1166,15.3,76.0,89.9681625366211
1167,15.3,76.1,89.98407745361328
1168,15.3,76.2,89.98575592041016
1169,15.3,76.3,89.9681625366211
1170,15.3,76.4,89.99249267578125
1171,15.3,76.5,89.98575592041016
1172,15.3,76.6,89.98992919921875
1173,15.3,76.7,89.99549865722656
1174,15.3,76.8,89.98407745361328
1175,15.3,76.9,89.98575592041016
1176,15.3,77.0,89.97748565673828
1177,15.3,77.1,89.97748565673828
1178,15.3,77.2,89.9681625366211
1179,15.3,77.3,89.97748565673828
1180,15.3,77.4,89.99227142333984
1181,15.3,77.5,89.98407745361328
1182,15.3,77.6,89.99796295166016
1183,15.3,77.7,89.9936294555664
1184,15.3,77.8,0.0
1185,15.3,77.9,89.9681625366211
1186,15.3,78.0,89.99883270263672
1187,15.3,78.1,89.99604797363281
1188,15.3,78.2,89.98407745361328
1189,15.3,78.3,89.97748565673828
1190,15.3,78.4,89.98407745361328
1191,15.4,75.0,89.99502563476562
1192,15.4,75.1,89.99407958984375
1193,15.4,75.2,89.98992919921875
1194,15.4,75.3,89.98873901367188
1195,15.4,75.4,89.99227142333984
1196,15.4,75.5,89.97748565673828
1197,15.4,75.6,89.99249267578125
1198,15.4,75.7,89.98575592041016
1199,15.4,75.8,89.9681625366211
1200,15.4,75.9,0.0
1201,15.4,76.0,89.9681625366211
1202,15.4,76.1,89.98407745361328
1203,15.4,76.2,89.98575592041016
1204,15.4,76.3,0.0
1205,15.4,76.4,89.99736022949219
1206,15.4,76.5,89.9937515258789
1207,15.4,76.6,89.9920425415039
1208,15.4,76.7,89.98575592041016
1209,15.4,76.8,89.97748565673828
1210,15.4,76.9,89.97748565673828
1211,15.4,77.0,89.99249267578125
1212,15.4,77.1,89.98992919921875
1213,15.4,77.2,89.98992919921875
1214,15.4,77.3,89.98407745361328
1215,15.4,77.4,0.0
1216,15.4,77.5,89.9936294555664
1217,15.4,77.6,89.9681625366211
1218,15.4,77.7,89.98575592041016
1219,15.4,77.8,89.98575592041016
1220,15.4,77.9,89.9990005493164
1221,15.4,78.0,89.98407745361328
1222,15.4,78.1,89.98992919921875
1223,15.4,78.2,89.98407745361328
1224,15.4,78.3,0.0
1225,15.4,78.4,89.9681625366211
1226,15.5,75.0,89.9681625366211
1227,15.5,75.1,89.9681625366211
1228,15.5,75.2,89.97748565673828
1229,15.5,75.3,89.97748565673828
1230,15.5,75.4,89.98992919921875
1231,15.5,75.5,89.9681625366211
1232,15.5,75.6,89.98407745361328
1233,15.5,75.7,89.9681625366211
1234,15.5,75.8,89.97748565673828
1235,15.5,75.9,89.9920425415039
1236,15.5,76.0,89.98575592041016
1237,15.5,76.1,89.9893798828125
1238,15.5,76.2,89.98873901367188
1239,15.5,76.3,89.9945297241211
1240,15.5,76.4,89.98575592041016
1241,15.5,76.5,89.9681625366211
1242,15.5,76.6,89.9920425415039
1243,15.5,76.7,89.98407745361328
1244,15.5,76.8,89.98873901367188
1245,15.5,76.9,89.98407745361328
1246,15.5,77.0,89.9893798828125
1247,15.5,77.1,89.9937515258789
1248,15.5,77.2,89.98575592041016
1249,15.5,77.3,89.9681625366211
1250,15.5,77.4,89.9681625366211
1251,15.5,77.5,89.99496459960938
1252,15.5,77.6,89.9936294555664
1253,15.5,77.7,89.98873901367188
1254,15.5,77.8,89.9893798828125
1255,15.5,77.9,89.9681625366211
1256,15.5,78.0,89.9936294555664
1257,15.5,78.1,89.97748565673828
1258,15.5,78.2,89.9681625366211
1259,15.5,78.3,89.99468994140625
1260,15.5,78.4,89.98407745361328
1261,15.6,75.0,89.98575592041016
1262,15.6,75.1,89.9893798828125
1263,15.6,75.2,89.98992919921875
1264,15.6,75.3,89.99116516113281
1265,15.6,75.4,0.0
1266,15.6,75.5,89.98575592041016
1267,15.6,75.6,0.0
1268,15.6,75.7,89.97748565673828
1269,15.6,75.8,0.0
1270,15.6,75.9,89.98407745361328
1271,15.6,76.0,89.98407745361328
1272,15.6,76.1,89.98575592041016
1273,15.6,76.2,0.0
1274,15.6,76.3,89.98407745361328
1275,15.6,76.4,89.99549865722656
1276,15.6,76.5,89.9893798828125
1277,15.6,76.6,89.98873901367188
1278,15.6,76.7,89.98575592041016
1279,15.6,76.8,89.98407745361328
1280,15.6,76.9,89.98992919921875
1281,15.6,77.0,0.0
1282,15.6,77.1,89.98407745361328
1283,15.6,77.2,89.98992919921875
1284,15.6,77.3,89.99227142333984
1285,15.6,77.4,89.98992919921875
1286,15.6,77.5,89.9893798828125
1287,15.6,77.6,89.9920425415039
1288,15.6,77.7,89.98575592041016
1289,15.6,77.8,89.98575592041016
1290,15.6,77.9,89.98575592041016
1291,15.6,78.0,89.99227142333984
1292,15.6,78.1,89.97748565673828
1293,15.6,78.2,89.98407745361328
1294,15.6,78.3,89.99436950683594
1295,15.6,78.4,89.98873901367188
1296,15.7,75.0,89.98873901367188
1297,15.7,75.1,89.99116516113281
1298,15.7,75.2,89.98407745361328
1299,15.7,75.3,89.98992919921875
1300,15.7,75.4,89.99288177490234
1301,15.7,75.5,89.98407745361328
1302,15.7,75.6,89.98407745361328
1303,15.7,75.7,89.97748565673828
1304,15.7,75.8,89.9681625366211
1305,15.7,75.9,89.99288177490234
1306,15.7,76.0,89.97748565673828
1307,15.7,76.1,89.99288177490234
1308,15.7,76.2,89.97748565673828
1309,15.7,76.3,89.98575592041016
1310,15.7,76.4,89.99227142333984
1311,15.7,76.5,89.98407745361328
1312,15.7,76.6,89.97748565673828
1313,15.7,76.7,89.98992919921875
1314,15.7,76.8,89.98992919921875
1315,15.7,76.9,89.98407745361328
1316,15.7,77.0,89.9893798828125
1317,15.7,77.1,89.98992919921875
1318,15.7,77.2,89.98992919921875
1319,15.7,77.3,89.9945297241211
1320,15.7,77.4,89.9681625366211
1321,15.7,77.5,89.9936294555664
1322,15.7,77.6,89.97748565673828
1323,15.7,77.7,89.99227142333984
1324,15.7,77.8,89.98575592041016
1325,15.7,77.9,89.9681625366211
1326,15.7,78.0,89.98873901367188
1327,15.7,78.1,89.99116516113281
1328,15.7,78.2,89.98992919921875
1329,15.7,78.3,89.98575592041016
1330,15.7,78.4,89.98992919921875
1331,15.8,75.0,89.9681625366211
1332,15.8,75.1,0.0
1333,15.8,75.2,89.97748565673828
1334,15.8,75.3,89.98873901367188
1335,15.8,75.4,89.98873901367188
1336,15.8,75.5,89.9681625366211
1337,15.8,75.6,89.97748565673828
1338,15.8,75.7,0.0
1339,15.8,75.8,89.9893798828125
1340,15.8,75.9,89.97748565673828
1341,15.8,76.0,89.9681625366211
1342,15.8,76.1,89.99227142333984
1343,15.8,76.2,89.9681625366211
1344,15.8,76.3,89.98407745361328
1345,15.8,76.4,89.99116516113281
1346,15.8,76.5,89.99549865722656
1347,15.8,76.6,0.0
1348,15.8,76.7,89.98575592041016
1349,15.8,76.8,89.98873901367188
1350,15.8,76.9,89.97748565673828
1351,15.8,77.0,89.9681625366211
1352,15.8,77.1,89.9681625366211
1353,15.8,77.2,0.0
1354,15.8,77.3,89.98575592041016
1355,15.8,77.4,89.98873901367188
1356,15.8,77.5,89.98575592041016
1357,15.8,77.6,89.98575592041016
1358,15.8,77.7,89.99227142333984
1359,15.8,77.8,89.9893798828125
1360,15.8,77.9,89.9681625366211
1361,15.8,78.0,89.9681625366211
1362,15.8,78.1,0.0
1363,15.8,78.2,89.9681625366211
1364,15.8,78.3,89.97748565673828
1365,15.8,78.4,89.98873901367188
1366,15.9,75.0,89.99116516113281
1367,15.9,75.1,89.9681625366211
1368,15.9,75.2,89.99288177490234
1369,15.9,75.3,89.99771118164062
1370,15.9,75.4,0.0
1371,15.9,75.5,89.98407745361328
1372,15.9,75.6,89.98992919921875
1373,15.9,75.7,89.98992919921875
1374,15.9,75.8,89.97748565673828
1375,15.9,75.9,89.97748565673828
1376,15.9,76.0,89.9920425415039
1377,15.9,76.1,89.98407745361328
1378,15.9,76.2,89.98575592041016
1379,15.9,76.3,89.98575592041016
1380,15.9,76.4,89.98575592041016
1381,15.9,76.5,89.9893798828125
1382,15.9,76.6,89.97748565673828
1383,15.9,76.7,89.98407745361328
1384,15.9,76.8,89.98575592041016
1385,15.9,76.9,89.99288177490234
1386,15.9,77.0,89.98575592041016
1387,15.9,77.1,89.99227142333984
1388,15.9,77.2,89.98575592041016
1389,15.9,77.3,89.99591827392578
1390,15.9,77.4,89.97748565673828
1391,15.9,77.5,89.98407745361328
1392,15.9,77.6,89.98575592041016
1393,15.9,77.7,89.99249267578125
1394,15.9,77.8,89.97748565673828
1395,15.9,77.9,89.9681625366211
1396,15.9,78.0,0.0
1397,15.9,78.1,89.9681625366211
1398,15.9,78.2,89.97748565673828
1399,15.9,78.3,89.9681625366211
1400,15.9,78.4,89.98575592041016
1401,16.0,75.0,89.99227142333984
1402,16.0,75.1,89.97748565673828
1403,16.0,75.2,89.99604797363281
1404,16.0,75.3,89.9936294555664
1405,16.0,75.4,89.97748565673828
1406,16.0,75.5,89.98873901367188
1407,16.0,75.6,89.98873901367188
1408,16.0,75.7,89.9936294555664
1409,16.0,75.8,89.99654388427734
1410,16.0,75.9,89.9945297241211
1411,16.0,76.0,89.98407745361328
1412,16.0,76.1,89.98873901367188
1413,16.0,76.2,89.9893798828125
1414,16.0,76.3,0.0
1415,16.0,76.4,89.9681625366211
1416,16.0,76.5,89.98575592041016
1417,16.0,76.6,89.99116516113281
1418,16.0,76.7,89.9893798828125
1419,16.0,76.8,89.97748565673828
1420,16.0,76.9,89.9936294555664
1421,16.0,77.0,89.9920425415039
1422,16.0,77.1,89.9937515258789
1423,16.0,77.2,89.98992919921875
1424,16.0,77.3,89.97748565673828
1425,16.0,77.4,89.9681625366211
1426,16.0,77.5,89.98575592041016
1427,16.0,77.6,89.9681625366211
1428,16.0,77.7,89.98575592041016
1429,16.0,77.8,89.9681625366211
1430,16.0,77.9,89.99227142333984
1431,16.0,78.0,89.9681625366211
1432,16.0,78.1,0.0
1433,16.0,78.2,89.98992919921875
1434,16.0,78.3,0.0
1435,16.0,78.4,89.98575592041016
1436,16.1,75.0,89.98873901367188
1437,16.1,75.1,89.99288177490234
1438,16.1,75.2,89.97748565673828
1439,16.1,75.3,89.9681625366211
1440,16.1,75.4,89.98575592041016
1441,16.1,75.5,89.99288177490234
1442,16.1,75.6,89.97748565673828
1443,16.1,75.7,89.9681625366211
1444,16.1,75.8,89.99288177490234
1445,16.1,75.9,89.99288177490234
1446,16.1,76.0,89.98575592041016
1447,16.1,76.1,89.98873901367188
1448,16.1,76.2,89.9681625366211
1449,16.1,76.3,89.98575592041016
1450,16.1,76.4,89.9681625366211
1451,16.1,76.5,89.98407745361328
1452,16.1,76.6,89.99407958984375
1453,16.1,76.7,89.9681625366211
1454,16.1,76.8,89.99116516113281
1455,16.1,76.9,89.97748565673828
1456,16.1,77.0,89.9945297241211
1457,16.1,77.1,89.97748565673828
1458,16.1,77.2,89.98407745361328
1459,16.1,77.3,89.99227142333984
1460,16.1,77.4,89.9920425415039
1461,16.1,77.5,89.98407745361328
1462,16.1,77.6,89.9681625366211
1463,16.1,77.7,89.99227142333984
1464,16.1,77.8,89.98992919921875
1465,16.1,77.9,0.0
1466,16.1,78.0,89.9681625366211
1467,16.1,78.1,89.99288177490234
1468,16.1,78.2,89.98575592041016
1469,16.1,78.3,89.98407745361328
1470,16.1,78.4,0.0
1471,16.2,75.0,89.98992919921875
1472,16.2,75.1,89.9681625366211
1473,16.2,75.2,89.98407745361328
1474,16.2,75.3,89.9893798828125
1475,16.2,75.4,89.98575592041016
1476,16.2,75.5,89.98992919921875
1477,16.2,75.6,89.98575592041016
1478,16.2,75.7,89.9937515258789
1479,16.2,75.8,89.98407745361328
1480,16.2,75.9,89.9920425415039
1481,16.2,76.0,89.9893798828125
1482,16.2,76.1,0.0
1483,16.2,76.2,89.98575592041016
1484,16.2,76.3,0.0
1485,16.2,76.4,89.9681625366211
1486,16.2,76.5,89.9920425415039
1487,16.2,76.6,89.9936294555664
1488,16.2,76.7,89.9681625366211
1489,16.2,76.8,89.98575592041016
1490,16.2,76.9,89.9893798828125
1491,16.2,77.0,89.9893798828125
1492,16.2,77.1,89.9681625366211
1493,16.2,77.2,89.97748565673828
1494,16.2,77.3,89.97748565673828
1495,16.2,77.4,89.9681625366211
1496,16.2,77.5,89.98992919921875
1497,16.2,77.6,89.9681625366211
1498,16.2,77.7,0.0
1499,16.2,77.8,89.99116516113281
1500,16.2,77.9,0.0
1501,16.2,78.0,89.98575592041016
1502,16.2,78.1,89.98407745361328
1503,16.2,78.2,89.97748565673828
1504,16.2,78.3,89.98407745361328
1505,16.2,78.4,89.98575592041016
1506,16.3,75.0,89.99288177490234
1507,16.3,75.1,89.9893798828125
1508,16.3,75.2,89.97748565673828
1509,16.3,75.3,89.9681625366211
1510,16.3,75.4,89.9681625366211
1511,16.3,75.5,89.98407745361328
1512,16.3,75.6,89.9937515258789
1513,16.3,75.7,89.9681625366211
1514,16.3,75.8,89.97748565673828
1515,16.3,75.9,89.98992919921875
1516,16.3,76.0,0.0
1517,16.3,76.1,89.99227142333984
1518,16.3,76.2,89.98407745361328
1519,16.3,76.3,89.97748565673828
1520,16.3,76.4,89.99116516113281
1521,16.3,76.5,89.98992919921875
1522,16.3,76.6,89.99544525146484
1523,16.3,76.7,89.98407745361328
1524,16.3,76.8,89.98992919921875
1525,16.3,76.9,0.0
1526,16.3,77.0,89.98407745361328
1527,16.3,77.1,89.9681625366211
1528,16.3,77.2,89.99288177490234
1529,16.3,77.3,89.98575592041016
1530,16.3,77.4,89.98873901367188
1531,16.3,77.5,89.98992919921875
1532,16.3,77.6,89.99227142333984
1533,16.3,77.7,89.9893798828125
1534,16.3,77.8,89.99116516113281
1535,16.3,77.9,89.98407745361328
1536,16.3,78.0,89.99116516113281
1537,16.3,78.1,89.97748565673828
1538,16.3,78.2,89.98575592041016
1539,16.3,78.3,89.98407745361328
1540,16.3,78.4,89.9681625366211
1541,16.4,75.0,89.99626922607422
1542,16.4,75.1,89.9681625366211
1543,16.4,75.2,89.9893798828125
1544,16.4,75.3,89.98575592041016
1545,16.4,75.4,89.98992919921875
1546,16.4,75.5,89.9681625366211
1547,16.4,75.6,89.98575592041016
1548,16.4,75.7,0.0
1549,16.4,75.8,89.99116516113281
1550,16.4,75.9,89.99288177490234
1551,16.4,76.0,89.99116516113281
1552,16.4,76.1,89.98992919921875
1553,16.4,76.2,89.98407745361328
1554,16.4,76.3,89.9681625366211
1555,16.4,76.4,89.99249267578125
1556,16.4,76.5,89.98575592041016
1557,16.4,76.6,89.99116516113281
1558,16.4,76.7,89.98992919921875
1559,16.4,76.8,89.98575592041016
1560,16.4,76.9,89.98575592041016
1561,16.4,77.0,0.0
1562,16.4,77.1,89.97748565673828
1563,16.4,77.2,89.98575592041016
1564,16.4,77.3,89.9945297241211
1565,16.4,77.4,0.0
1566,16.4,77.5,89.99436950683594
1567,16.4,77.6,89.97748565673828
1568,16.4,77.7,89.98575592041016
1569,16.4,77.8,0.0
1570,16.4,77.9,89.9681625366211
1571,16.4,78.0,89.9681625366211
1572,16.4,78.1,89.99288177490234
1573,16.4,78.2,89.99288177490234
1574,16.4,78.3,89.97748565673828
1575,16.4,78.4,89.99249267578125
