Latitude,Longitude,rainfall,temperature
12,75,9.299534247,27.38336986
12,75.1,9.299534247,27.38336986
12,75.2,9.299534247,27.38336986
12,75.3,9.299534247,27.38336986
12,75.4,7.720027397,24.70813699
12,75.5,7.720027397,24.70813699
12,75.6,7.720027397,24.70813699
12,75.7,7.720027397,24.70813699
12,75.8,7.720027397,24.70813699
12,75.9,7.720027397,24.70813699
12,76,5.108547945,22.94991781
12,76.1,5.108547945,22.94991781
12,76.2,5.108547945,22.94991781
12,76.3,5.108547945,22.94991781
12,76.4,5.108547945,22.94991781
12,76.5,5.108547945,22.94991781
12,76.6,3.851123288,23.27717808
12,76.7,3.851123288,23.27717808
12,76.8,3.851123288,23.27717808
12,76.9,3.851123288,23.27717808
12,77,3.851123288,23.27717808
12,77.1,3.851123288,23.27717808
12,77.2,3.331287671,24.1729863
12,77.3,3.331287671,24.1729863
12,77.4,3.331287671,24.1729863
12,77.5,3.331287671,24.1729863
12,77.6,3.331287671,24.1729863
12,77.7,3.331287671,24.1729863
12,77.8,3.331287671,24.1729863
12,77.9,3.544876712,25.21605479
12,78,3.544876712,25.21605479
12,78.1,3.544876712,25.21605479
12,78.2,3.544876712,25.21605479
12,78.3,3.544876712,25.21605479
12,78.4,3.544876712,25.21605479
12.1,75,9.299534247,27.38336986
12.1,75.1,9.299534247,27.38336986
12.1,75.2,9.299534247,27.38336986
12.1,75.3,9.299534247,27.38336986
12.1,75.4,7.720027397,24.70813699
12.1,75.5,7.720027397,24.70813699
12.1,75.6,7.720027397,24.70813699
12.1,75.7,7.720027397,24.70813699
12.1,75.8,7.720027397,24.70813699
12.1,75.9,7.720027397,24.70813699
12.1,76,5.108547945,22.94991781
12.1,76.1,5.108547945,22.94991781
12.1,76.2,5.108547945,22.94991781
12.1,76.3,5.108547945,22.94991781
12.1,76.4,5.108547945,22.94991781
12.1,76.5,5.108547945,22.94991781
12.1,76.6,3.851123288,23.27717808
12.1,76.7,3.851123288,23.27717808
12.1,76.8,3.851123288,23.27717808
12.1,76.9,3.851123288,23.27717808
12.1,77,3.851123288,23.27717808
12.1,77.1,3.851123288,23.27717808
12.1,77.2,3.331287671,24.1729863
12.1,77.3,3.331287671,24.1729863
12.1,77.4,3.331287671,24.1729863
12.1,77.5,3.331287671,24.1729863
12.1,77.6,3.331287671,24.1729863
12.1,77.7,3.331287671,24.1729863
12.1,77.8,3.331287671,24.1729863
12.1,77.9,3.544876712,25.21605479
12.1,78,3.544876712,25.21605479
12.1,78.1,3.544876712,25.21605479
12.1,78.2,3.544876712,25.21605479
12.1,78.3,3.544876712,25.21605479
12.1,78.4,3.544876712,25.21605479
12.2,75,9.299534247,27.38336986
12.2,75.1,9.299534247,27.38336986
12.2,75.2,9.299534247,27.38336986
12.2,75.3,9.299534247,27.38336986
12.2,75.4,7.720027397,24.70813699
12.2,75.5,7.720027397,24.70813699
12.2,75.6,7.720027397,24.70813699
12.2,75.7,7.720027397,24.70813699
12.2,75.8,7.720027397,24.70813699
12.2,75.9,7.720027397,24.70813699
12.2,76,5.108547945,22.94991781
12.2,76.1,5.108547945,22.94991781
12.2,76.2,5.108547945,22.94991781
12.2,76.3,5.108547945,22.94991781
12.2,76.4,5.108547945,22.94991781
12.2,76.5,5.108547945,22.94991781
12.2,76.6,3.851123288,23.27717808
12.2,76.7,3.851123288,23.27717808
12.2,76.8,3.851123288,23.27717808
12.2,76.9,3.851123288,23.27717808
12.2,77,3.851123288,23.27717808
12.2,77.1,3.851123288,23.27717808
12.2,77.2,3.331287671,24.1729863
12.2,77.3,3.331287671,24.1729863
12.2,77.4,3.331287671,24.1729863
12.2,77.5,3.331287671,24.1729863
12.2,77.6,3.331287671,24.1729863
12.2,77.7,3.331287671,24.1729863
12.2,77.8,3.331287671,24.1729863
12.2,77.9,3.544876712,25.21605479
12.2,78,3.544876712,25.21605479
12.2,78.1,3.544876712,25.21605479
12.2,78.2,3.544876712,25.21605479
12.2,78.3,3.544876712,25.21605479
12.2,78.4,3.544876712,25.21605479
12.3,75,10.67827397,26.88180822
12.3,75.1,10.67827397,26.88180822
12.3,75.2,10.67827397,26.88180822
12.3,75.3,10.67827397,26.88180822
12.3,75.4,7.83690411,23.51619178
12.3,75.5,7.83690411,23.51619178
12.3,75.6,7.83690411,23.51619178
12.3,75.7,7.83690411,23.51619178
12.3,75.8,7.83690411,23.51619178
12.3,75.9,7.83690411,23.51619178
12.3,76,4.984246575,22.84419178
12.3,76.1,4.984246575,22.84419178
12.3,76.2,4.984246575,22.84419178
12.3,76.3,4.984246575,22.84419178
12.3,76.4,4.984246575,22.84419178
12.3,76.5,4.984246575,22.84419178
12.3,76.6,4.696109589,23.84473973
12.3,76.7,4.696109589,23.84473973
12.3,76.8,4.696109589,23.84473973
12.3,76.9,4.696109589,23.84473973
12.3,77,4.696109589,23.84473973
12.3,77.1,4.696109589,23.84473973
12.3,77.2,3.90090411,23.8090411
12.3,77.3,3.90090411,23.8090411
12.3,77.4,3.90090411,23.8090411
12.3,77.5,3.90090411,23.8090411
12.3,77.6,3.90090411,23.8090411
12.3,77.7,3.90090411,23.8090411
12.3,77.8,3.90090411,23.8090411
12.3,77.9,4.535123288,24.19769863
12.3,78,4.535123288,24.19769863
12.3,78.1,4.535123288,24.19769863
12.3,78.2,4.535123288,24.19769863
12.3,78.3,4.535123288,24.19769863
12.3,78.4,4.535123288,24.19769863
12.4,75,10.67827397,26.88180822
12.4,75.1,10.67827397,26.88180822
12.4,75.2,10.67827397,26.88180822
12.4,75.3,10.67827397,26.88180822
12.4,75.4,7.83690411,23.51619178
12.4,75.5,7.83690411,23.51619178
12.4,75.6,7.83690411,23.51619178
12.4,75.7,7.83690411,23.51619178
12.4,75.8,7.83690411,23.51619178
12.4,75.9,7.83690411,23.51619178
12.4,76,4.984246575,22.84419178
12.4,76.1,4.984246575,22.84419178
12.4,76.2,4.984246575,22.84419178
12.4,76.3,4.984246575,22.84419178
12.4,76.4,4.984246575,22.84419178
12.4,76.5,4.984246575,22.84419178
12.4,76.6,4.696109589,23.84473973
12.4,76.7,4.696109589,23.84473973
12.4,76.8,4.696109589,23.84473973
12.4,76.9,4.696109589,23.84473973
12.4,77,4.696109589,23.84473973
12.4,77.1,4.696109589,23.84473973
12.4,77.2,3.90090411,23.8090411
12.4,77.3,3.90090411,23.8090411
12.4,77.4,3.90090411,23.8090411
12.4,77.5,3.90090411,23.8090411
12.4,77.6,3.90090411,23.8090411
12.4,77.7,3.90090411,23.8090411
12.4,77.8,3.90090411,23.8090411
12.4,77.9,4.535123288,24.19769863
12.4,78,4.535123288,24.19769863
12.4,78.1,4.535123288,24.19769863
12.4,78.2,4.535123288,24.19769863
12.4,78.3,4.535123288,24.19769863
12.4,78.4,4.535123288,24.19769863
12.5,75,10.67827397,26.88180822
12.5,75.1,10.67827397,26.88180822
12.5,75.2,10.67827397,26.88180822
12.5,75.3,10.67827397,26.88180822
12.5,75.4,7.83690411,23.51619178
12.5,75.5,7.83690411,23.51619178
12.5,75.6,7.83690411,23.51619178
12.5,75.7,7.83690411,23.51619178
12.5,75.8,7.83690411,23.51619178
12.5,75.9,7.83690411,23.51619178
12.5,76,4.984246575,22.84419178
12.5,76.1,4.984246575,22.84419178
12.5,76.2,4.984246575,22.84419178
12.5,76.3,4.984246575,22.84419178
12.5,76.4,4.984246575,22.84419178
12.5,76.5,4.984246575,22.84419178
12.5,76.6,4.696109589,23.84473973
12.5,76.7,4.696109589,23.84473973
12.5,76.8,4.696109589,23.84473973
12.5,76.9,4.696109589,23.84473973
12.5,77,4.696109589,23.84473973
12.5,77.1,4.696109589,23.84473973
12.5,77.2,3.90090411,23.8090411
12.5,77.3,3.90090411,23.8090411
12.5,77.4,3.90090411,23.8090411
12.5,77.5,3.90090411,23.8090411
12.5,77.6,3.90090411,23.8090411
12.5,77.7,3.90090411,23.8090411
12.5,77.8,3.90090411,23.8090411
12.5,77.9,4.535123288,24.19769863
12.5,78,4.535123288,24.19769863
12.5,78.1,4.535123288,24.19769863
12.5,78.2,4.535123288,24.19769863
12.5,78.3,4.535123288,24.19769863
12.5,78.4,4.535123288,24.19769863
12.6,75,10.67827397,26.88180822
12.6,75.1,10.67827397,26.88180822
12.6,75.2,10.67827397,26.88180822
12.6,75.3,10.67827397,26.88180822
12.6,75.4,7.83690411,23.51619178
12.6,75.5,7.83690411,23.51619178
12.6,75.6,7.83690411,23.51619178
12.6,75.7,7.83690411,23.51619178
12.6,75.8,7.83690411,23.51619178
12.6,75.9,7.83690411,23.51619178
12.6,76,4.984246575,22.84419178
12.6,76.1,4.984246575,22.84419178
12.6,76.2,4.984246575,22.84419178
12.6,76.3,4.984246575,22.84419178
12.6,76.4,4.984246575,22.84419178
12.6,76.5,4.984246575,22.84419178
12.6,76.6,4.696109589,23.84473973
12.6,76.7,4.696109589,23.84473973
12.6,76.8,4.696109589,23.84473973
12.6,76.9,4.696109589,23.84473973
12.6,77,4.696109589,23.84473973
12.6,77.1,4.696109589,23.84473973
12.6,77.2,3.90090411,23.8090411
12.6,77.3,3.90090411,23.8090411
12.6,77.4,3.90090411,23.8090411
12.6,77.5,3.90090411,23.8090411
12.6,77.6,3.90090411,23.8090411
12.6,77.7,3.90090411,23.8090411
12.6,77.8,3.90090411,23.8090411
12.6,77.9,4.535123288,24.19769863
12.6,78,4.535123288,24.19769863
12.6,78.1,4.535123288,24.19769863
12.6,78.2,4.535123288,24.19769863
12.6,78.3,4.535123288,24.19769863
12.6,78.4,4.535123288,24.19769863
12.7,75,10.67827397,26.88180822
12.7,75.1,10.67827397,26.88180822
12.7,75.2,10.67827397,26.88180822
12.7,75.3,10.67827397,26.88180822
12.7,75.4,7.83690411,23.51619178
12.7,75.5,7.83690411,23.51619178
12.7,75.6,7.83690411,23.51619178
12.7,75.7,7.83690411,23.51619178
12.7,75.8,7.83690411,23.51619178
12.7,75.9,7.83690411,23.51619178
12.7,76,4.984246575,22.84419178
12.7,76.1,4.984246575,22.84419178
12.7,76.2,4.984246575,22.84419178
12.7,76.3,4.984246575,22.84419178
12.7,76.4,4.984246575,22.84419178
12.7,76.5,4.984246575,22.84419178
12.7,76.6,4.696109589,23.84473973
12.7,76.7,4.696109589,23.84473973
12.7,76.8,4.696109589,23.84473973
12.7,76.9,4.696109589,23.84473973
12.7,77,4.696109589,23.84473973
12.7,77.1,4.696109589,23.84473973
12.7,77.2,3.90090411,23.8090411
12.7,77.3,3.90090411,23.8090411
12.7,77.4,3.90090411,23.8090411
12.7,77.5,3.90090411,23.8090411
12.7,77.6,3.90090411,23.8090411
12.7,77.7,3.90090411,23.8090411
12.7,77.8,3.90090411,23.8090411
12.7,77.9,4.535123288,24.19769863
12.7,78,4.535123288,24.19769863
12.7,78.1,4.535123288,24.19769863
12.7,78.2,4.535123288,24.19769863
12.7,78.3,4.535123288,24.19769863
12.7,78.4,4.535123288,24.19769863
12.8,75,11.0450411,26.49967123
12.8,75.1,11.0450411,26.49967123
12.8,75.2,11.0450411,26.49967123
12.8,75.3,11.0450411,26.49967123
12.8,75.4,7.129835616,23.02832877
12.8,75.5,7.129835616,23.02832877
12.8,75.6,7.129835616,23.02832877
12.8,75.7,7.129835616,23.02832877
12.8,75.8,7.129835616,23.02832877
12.8,75.9,7.129835616,23.02832877
12.8,76,4.766657534,22.55665753
12.8,76.1,4.766657534,22.55665753
12.8,76.2,4.766657534,22.55665753
12.8,76.3,4.766657534,22.55665753
12.8,76.4,4.766657534,22.55665753
12.8,76.5,4.766657534,22.55665753
12.8,76.6,5.246410959,23.40358904
12.8,76.7,5.246410959,23.40358904
12.8,76.8,5.246410959,23.40358904
12.8,76.9,5.246410959,23.40358904
12.8,77,5.246410959,23.40358904
12.8,77.1,5.246410959,23.40358904
12.8,77.2,4.19369863,23.14410959
12.8,77.3,4.19369863,23.14410959
12.8,77.4,4.19369863,23.14410959
12.8,77.5,4.19369863,23.14410959
12.8,77.6,4.19369863,23.14410959
12.8,77.7,4.19369863,23.14410959
12.8,77.8,4.19369863,23.14410959
12.8,77.9,5.071890411,23.18934247
12.8,78,5.071890411,23.18934247
12.8,78.1,5.071890411,23.18934247
12.8,78.2,5.071890411,23.18934247
12.8,78.3,5.071890411,23.18934247
12.8,78.4,5.071890411,23.18934247
12.9,75,11.0450411,26.49967123
12.9,75.1,11.0450411,26.49967123
12.9,75.2,11.0450411,26.49967123
12.9,75.3,11.0450411,26.49967123
12.9,75.4,7.129835616,23.02832877
12.9,75.5,7.129835616,23.02832877
12.9,75.6,7.129835616,23.02832877
12.9,75.7,7.129835616,23.02832877
12.9,75.8,7.129835616,23.02832877
12.9,75.9,7.129835616,23.02832877
12.9,76,4.766657534,22.55665753
12.9,76.1,4.766657534,22.55665753
12.9,76.2,4.766657534,22.55665753
12.9,76.3,4.766657534,22.55665753
12.9,76.4,4.766657534,22.55665753
12.9,76.5,4.766657534,22.55665753
12.9,76.6,5.246410959,23.40358904
12.9,76.7,5.246410959,23.40358904
12.9,76.8,5.246410959,23.40358904
12.9,76.9,5.246410959,23.40358904
12.9,77,5.246410959,23.40358904
12.9,77.1,5.246410959,23.40358904
12.9,77.2,4.19369863,23.14410959
12.9,77.3,4.19369863,23.14410959
12.9,77.4,4.19369863,23.14410959
12.9,77.5,4.19369863,23.14410959
12.9,77.6,4.19369863,23.14410959
12.9,77.7,4.19369863,23.14410959
12.9,77.8,4.19369863,23.14410959
12.9,77.9,5.071890411,23.18934247
12.9,78,5.071890411,23.18934247
12.9,78.1,5.071890411,23.18934247
12.9,78.2,5.071890411,23.18934247
12.9,78.3,5.071890411,23.18934247
12.9,78.4,5.071890411,23.18934247
13,75,11.0450411,26.49967123
13,75.1,11.0450411,26.49967123
13,75.2,11.0450411,26.49967123
13,75.3,11.0450411,26.49967123
13,75.4,7.129835616,23.02832877
13,75.5,7.129835616,23.02832877
13,75.6,7.129835616,23.02832877
13,75.7,7.129835616,23.02832877
13,75.8,7.129835616,23.02832877
13,75.9,7.129835616,23.02832877
13,76,4.766657534,22.55665753
13,76.1,4.766657534,22.55665753
13,76.2,4.766657534,22.55665753
13,76.3,4.766657534,22.55665753
13,76.4,4.766657534,22.55665753
13,76.5,4.766657534,22.55665753
13,76.6,5.246410959,23.40358904
13,76.7,5.246410959,23.40358904
13,76.8,5.246410959,23.40358904
13,76.9,5.246410959,23.40358904
13,77,5.246410959,23.40358904
13,77.1,5.246410959,23.40358904
13,77.2,4.19369863,23.14410959
13,77.3,4.19369863,23.14410959
13,77.4,4.19369863,23.14410959
13,77.5,4.19369863,23.14410959
13,77.6,4.19369863,23.14410959
13,77.7,4.19369863,23.14410959
13,77.8,4.19369863,23.14410959
13,77.9,5.071890411,23.18934247
13,78,5.071890411,23.18934247
13,78.1,5.071890411,23.18934247
13,78.2,5.071890411,23.18934247
13,78.3,5.071890411,23.18934247
13,78.4,5.071890411,23.18934247
13.1,75,11.0450411,26.49967123
13.1,75.1,11.0450411,26.49967123
13.1,75.2,11.0450411,26.49967123
13.1,75.3,11.0450411,26.49967123
13.1,75.4,7.129835616,23.02832877
13.1,75.5,7.129835616,23.02832877
13.1,75.6,7.129835616,23.02832877
13.1,75.7,7.129835616,23.02832877
13.1,75.8,7.129835616,23.02832877
13.1,75.9,7.129835616,23.02832877
13.1,76,4.766657534,22.55665753
13.1,76.1,4.766657534,22.55665753
13.1,76.2,4.766657534,22.55665753
13.1,76.3,4.766657534,22.55665753
13.1,76.4,4.766657534,22.55665753
13.1,76.5,4.766657534,22.55665753
13.1,76.6,5.246410959,23.40358904
13.1,76.7,5.246410959,23.40358904
13.1,76.8,5.246410959,23.40358904
13.1,76.9,5.246410959,23.40358904
13.1,77,5.246410959,23.40358904
13.1,77.1,5.246410959,23.40358904
13.1,77.2,4.19369863,23.14410959
13.1,77.3,4.19369863,23.14410959
13.1,77.4,4.19369863,23.14410959
13.1,77.5,4.19369863,23.14410959
13.1,77.6,4.19369863,23.14410959
13.1,77.7,4.19369863,23.14410959
13.1,77.8,4.19369863,23.14410959
13.1,77.9,5.071890411,23.18934247
13.1,78,5.071890411,23.18934247
13.1,78.1,5.071890411,23.18934247
13.1,78.2,5.071890411,23.18934247
13.1,78.3,5.071890411,23.18934247
13.1,78.4,5.071890411,23.18934247
13.2,75,11.0450411,26.49967123
13.2,75.1,11.0450411,26.49967123
13.2,75.2,11.0450411,26.49967123
13.2,75.3,11.0450411,26.49967123
13.2,75.4,7.129835616,23.02832877
13.2,75.5,7.129835616,23.02832877
13.2,75.6,7.129835616,23.02832877
13.2,75.7,7.129835616,23.02832877
13.2,75.8,7.129835616,23.02832877
13.2,75.9,7.129835616,23.02832877
13.2,76,4.766657534,22.55665753
13.2,76.1,4.766657534,22.55665753
13.2,76.2,4.766657534,22.55665753
13.2,76.3,4.766657534,22.55665753
13.2,76.4,4.766657534,22.55665753
13.2,76.5,4.766657534,22.55665753
13.2,76.6,5.246410959,23.40358904
13.2,76.7,5.246410959,23.40358904
13.2,76.8,5.246410959,23.40358904
13.2,76.9,5.246410959,23.40358904
13.2,77,5.246410959,23.40358904
13.2,77.1,5.246410959,23.40358904
13.2,77.2,4.19369863,23.14410959
13.2,77.3,4.19369863,23.14410959
13.2,77.4,4.19369863,23.14410959
13.2,77.5,4.19369863,23.14410959
13.2,77.6,4.19369863,23.14410959
13.2,77.7,4.19369863,23.14410959
13.2,77.8,4.19369863,23.14410959
13.2,77.9,5.071890411,23.18934247
13.2,78,5.071890411,23.18934247
13.2,78.1,5.071890411,23.18934247
13.2,78.2,5.071890411,23.18934247
13.2,78.3,5.071890411,23.18934247
13.2,78.4,5.071890411,23.18934247
13.3,75,10.30813699,25.14427397
13.3,75.1,10.30813699,25.14427397
13.3,75.2,10.30813699,25.14427397
13.3,75.3,10.30813699,25.14427397
13.3,75.4,5.685123288,22.18046575
13.3,75.5,5.685123288,22.18046575
13.3,75.6,5.685123288,22.18046575
13.3,75.7,5.685123288,22.18046575
13.3,75.8,5.685123288,22.18046575
13.3,75.9,5.685123288,22.18046575
13.3,76,3.912630137,23.08761644
13.3,76.1,3.912630137,23.08761644
13.3,76.2,3.912630137,23.08761644
13.3,76.3,3.912630137,23.08761644
13.3,76.4,3.912630137,23.08761644
13.3,76.5,3.912630137,23.08761644
13.3,76.6,4.485178082,23.57408219
13.3,76.7,4.485178082,23.57408219
13.3,76.8,4.485178082,23.57408219
13.3,76.9,4.485178082,23.57408219
13.3,77,4.485178082,23.57408219
13.3,77.1,4.485178082,23.57408219
13.3,77.2,3.664082192,23.44876712
13.3,77.3,3.664082192,23.44876712
13.3,77.4,3.664082192,23.44876712
13.3,77.5,3.664082192,23.44876712
13.3,77.6,3.664082192,23.44876712
13.3,77.7,3.664082192,23.44876712
13.3,77.8,3.664082192,23.44876712
13.3,77.9,4.353643836,23.32747945
13.3,78,4.353643836,23.32747945
13.3,78.1,4.353643836,23.32747945
13.3,78.2,4.353643836,23.32747945
13.3,78.3,4.353643836,23.32747945
13.3,78.4,4.353643836,23.32747945
13.4,75,10.30813699,25.14427397
13.4,75.1,10.30813699,25.14427397
13.4,75.2,10.30813699,25.14427397
13.4,75.3,10.30813699,25.14427397
13.4,75.4,5.685123288,22.18046575
13.4,75.5,5.685123288,22.18046575
13.4,75.6,5.685123288,22.18046575
13.4,75.7,5.685123288,22.18046575
13.4,75.8,5.685123288,22.18046575
13.4,75.9,5.685123288,22.18046575
13.4,76,3.912630137,23.08761644
13.4,76.1,3.912630137,23.08761644
13.4,76.2,3.912630137,23.08761644
13.4,76.3,3.912630137,23.08761644
13.4,76.4,3.912630137,23.08761644
13.4,76.5,3.912630137,23.08761644
13.4,76.6,4.485178082,23.57408219
13.4,76.7,4.485178082,23.57408219
13.4,76.8,4.485178082,23.57408219
13.4,76.9,4.485178082,23.57408219
13.4,77,4.485178082,23.57408219
13.4,77.1,4.485178082,23.57408219
13.4,77.2,3.664082192,23.44876712
13.4,77.3,3.664082192,23.44876712
13.4,77.4,3.664082192,23.44876712
13.4,77.5,3.664082192,23.44876712
13.4,77.6,3.664082192,23.44876712
13.4,77.7,3.664082192,23.44876712
13.4,77.8,3.664082192,23.44876712
13.4,77.9,4.353643836,23.32747945
13.4,78,4.353643836,23.32747945
13.4,78.1,4.353643836,23.32747945
13.4,78.2,4.353643836,23.32747945
13.4,78.3,4.353643836,23.32747945
13.4,78.4,4.353643836,23.32747945
13.5,75,10.30813699,25.14427397
13.5,75.1,10.30813699,25.14427397
13.5,75.2,10.30813699,25.14427397
13.5,75.3,10.30813699,25.14427397
13.5,75.4,5.685123288,22.18046575
13.5,75.5,5.685123288,22.18046575
13.5,75.6,5.685123288,22.18046575
13.5,75.7,5.685123288,22.18046575
13.5,75.8,5.685123288,22.18046575
13.5,75.9,5.685123288,22.18046575
13.5,76,3.912630137,23.08761644
13.5,76.1,3.912630137,23.08761644
13.5,76.2,3.912630137,23.08761644
13.5,76.3,3.912630137,23.08761644
13.5,76.4,3.912630137,23.08761644
13.5,76.5,3.912630137,23.08761644
13.5,76.6,4.485178082,23.57408219
13.5,76.7,4.485178082,23.57408219
13.5,76.8,4.485178082,23.57408219
13.5,76.9,4.485178082,23.57408219
13.5,77,4.485178082,23.57408219
13.5,77.1,4.485178082,23.57408219
13.5,77.2,3.664082192,23.44876712
13.5,77.3,3.664082192,23.44876712
13.5,77.4,3.664082192,23.44876712
13.5,77.5,3.664082192,23.44876712
13.5,77.6,3.664082192,23.44876712
13.5,77.7,3.664082192,23.44876712
13.5,77.8,3.664082192,23.44876712
13.5,77.9,4.353643836,23.32747945
13.5,78,4.353643836,23.32747945
13.5,78.1,4.353643836,23.32747945
13.5,78.2,4.353643836,23.32747945
13.5,78.3,4.353643836,23.32747945
13.5,78.4,4.353643836,23.32747945
13.6,75,10.30813699,25.14427397
13.6,75.1,10.30813699,25.14427397
13.6,75.2,10.30813699,25.14427397
13.6,75.3,10.30813699,25.14427397
13.6,75.4,5.685123288,22.18046575
13.6,75.5,5.685123288,22.18046575
13.6,75.6,5.685123288,22.18046575
13.6,75.7,5.685123288,22.18046575
13.6,75.8,5.685123288,22.18046575
13.6,75.9,5.685123288,22.18046575
13.6,76,3.912630137,23.08761644
13.6,76.1,3.912630137,23.08761644
13.6,76.2,3.912630137,23.08761644
13.6,76.3,3.912630137,23.08761644
13.6,76.4,3.912630137,23.08761644
13.6,76.5,3.912630137,23.08761644
13.6,76.6,4.485178082,23.57408219
13.6,76.7,4.485178082,23.57408219
13.6,76.8,4.485178082,23.57408219
13.6,76.9,4.485178082,23.57408219
13.6,77,4.485178082,23.57408219
13.6,77.1,4.485178082,23.57408219
13.6,77.2,3.664082192,23.44876712
13.6,77.3,3.664082192,23.44876712
13.6,77.4,3.664082192,23.44876712
13.6,77.5,3.664082192,23.44876712
13.6,77.6,3.664082192,23.44876712
13.6,77.7,3.664082192,23.44876712
13.6,77.8,3.664082192,23.44876712
13.6,77.9,4.353643836,23.32747945
13.6,78,4.353643836,23.32747945
13.6,78.1,4.353643836,23.32747945
13.6,78.2,4.353643836,23.32747945
13.6,78.3,4.353643836,23.32747945
13.6,78.4,4.353643836,23.32747945
13.7,75,10.30813699,25.14427397
13.7,75.1,10.30813699,25.14427397
13.7,75.2,10.30813699,25.14427397
13.7,75.3,10.30813699,25.14427397
13.7,75.4,5.685123288,22.18046575
13.7,75.5,5.685123288,22.18046575
13.7,75.6,5.685123288,22.18046575
13.7,75.7,5.685123288,22.18046575
13.7,75.8,5.685123288,22.18046575
13.7,75.9,5.685123288,22.18046575
13.7,76,3.912630137,23.08761644
13.7,76.1,3.912630137,23.08761644
13.7,76.2,3.912630137,23.08761644
13.7,76.3,3.912630137,23.08761644
13.7,76.4,3.912630137,23.08761644
13.7,76.5,3.912630137,23.08761644
13.7,76.6,4.485178082,23.57408219
13.7,76.7,4.485178082,23.57408219
13.7,76.8,4.485178082,23.57408219
13.7,76.9,4.485178082,23.57408219
13.7,77,4.485178082,23.57408219
13.7,77.1,4.485178082,23.57408219
13.7,77.2,3.664082192,23.44876712
13.7,77.3,3.664082192,23.44876712
13.7,77.4,3.664082192,23.44876712
13.7,77.5,3.664082192,23.44876712
13.7,77.6,3.664082192,23.44876712
13.7,77.7,3.664082192,23.44876712
13.7,77.8,3.664082192,23.44876712
13.7,77.9,4.353643836,23.32747945
13.7,78,4.353643836,23.32747945
13.7,78.1,4.353643836,23.32747945
13.7,78.2,4.353643836,23.32747945
13.7,78.3,4.353643836,23.32747945
13.7,78.4,4.353643836,23.32747945
13.8,75,9.040383562,23.95835616
13.8,75.1,9.040383562,23.95835616
13.8,75.2,9.040383562,23.95835616
13.8,75.3,9.040383562,23.95835616
13.8,75.4,4.148931507,23.57112329
13.8,75.5,4.148931507,23.57112329
13.8,75.6,4.148931507,23.57112329
13.8,75.7,4.148931507,23.57112329
13.8,75.8,4.148931507,23.57112329
13.8,75.9,4.148931507,23.57112329
13.8,76,2.957835616,24.11350685
13.8,76.1,2.957835616,24.11350685
13.8,76.2,2.957835616,24.11350685
13.8,76.3,2.957835616,24.11350685
13.8,76.4,2.957835616,24.11350685
13.8,76.5,2.957835616,24.11350685
13.8,76.6,3.161835616,24.54156164
13.8,76.7,3.161835616,24.54156164
13.8,76.8,3.161835616,24.54156164
13.8,76.9,3.161835616,24.54156164
13.8,77,3.161835616,24.54156164
13.8,77.1,3.161835616,24.54156164
13.8,77.2,2.777917808,24.8690137
13.8,77.3,2.777917808,24.8690137
13.8,77.4,2.777917808,24.8690137
13.8,77.5,2.777917808,24.8690137
13.8,77.6,2.777917808,24.8690137
13.8,77.7,2.777917808,24.8690137
13.8,77.8,2.777917808,24.8690137
13.8,77.9,3.110219178,24.71750685
13.8,78,3.110219178,24.71750685
13.8,78.1,3.110219178,24.71750685
13.8,78.2,3.110219178,24.71750685
13.8,78.3,3.110219178,24.71750685
13.8,78.4,3.110219178,24.71750685
13.9,75,9.040383562,23.95835616
13.9,75.1,9.040383562,23.95835616
13.9,75.2,9.040383562,23.95835616
13.9,75.3,9.040383562,23.95835616
13.9,75.4,4.148931507,23.57112329
13.9,75.5,4.148931507,23.57112329
13.9,75.6,4.148931507,23.57112329
13.9,75.7,4.148931507,23.57112329
13.9,75.8,4.148931507,23.57112329
13.9,75.9,4.148931507,23.57112329
13.9,76,2.957835616,24.11350685
13.9,76.1,2.957835616,24.11350685
13.9,76.2,2.957835616,24.11350685
13.9,76.3,2.957835616,24.11350685
13.9,76.4,2.957835616,24.11350685
13.9,76.5,2.957835616,24.11350685
13.9,76.6,3.161835616,24.54156164
13.9,76.7,3.161835616,24.54156164
13.9,76.8,3.161835616,24.54156164
13.9,76.9,3.161835616,24.54156164
13.9,77,3.161835616,24.54156164
13.9,77.1,3.161835616,24.54156164
13.9,77.2,2.777917808,24.8690137
13.9,77.3,2.777917808,24.8690137
13.9,77.4,2.777917808,24.8690137
13.9,77.5,2.777917808,24.8690137
13.9,77.6,2.777917808,24.8690137
13.9,77.7,2.777917808,24.8690137
13.9,77.8,2.777917808,24.8690137
13.9,77.9,3.110219178,24.71750685
13.9,78,3.110219178,24.71750685
13.9,78.1,3.110219178,24.71750685
13.9,78.2,3.110219178,24.71750685
13.9,78.3,3.110219178,24.71750685
13.9,78.4,3.110219178,24.71750685
14,75,9.040383562,23.95835616
14,75.1,9.040383562,23.95835616
14,75.2,9.040383562,23.95835616
14,75.3,9.040383562,23.95835616
14,75.4,4.148931507,23.57112329
14,75.5,4.148931507,23.57112329
14,75.6,4.148931507,23.57112329
14,75.7,4.148931507,23.57112329
14,75.8,4.148931507,23.57112329
14,75.9,4.148931507,23.57112329
14,76,2.957835616,24.11350685
14,76.1,2.957835616,24.11350685
14,76.2,2.957835616,24.11350685
14,76.3,2.957835616,24.11350685
14,76.4,2.957835616,24.11350685
14,76.5,2.957835616,24.11350685
14,76.6,3.161835616,24.54156164
14,76.7,3.161835616,24.54156164
14,76.8,3.161835616,24.54156164
14,76.9,3.161835616,24.54156164
14,77,3.161835616,24.54156164
14,77.1,3.161835616,24.54156164
14,77.2,2.777917808,24.8690137
14,77.3,2.777917808,24.8690137
14,77.4,2.777917808,24.8690137
14,77.5,2.777917808,24.8690137
14,77.6,2.777917808,24.8690137
14,77.7,2.777917808,24.8690137
14,77.8,2.777917808,24.8690137
14,77.9,3.110219178,24.71750685
14,78,3.110219178,24.71750685
14,78.1,3.110219178,24.71750685
14,78.2,3.110219178,24.71750685
14,78.3,3.110219178,24.71750685
14,78.4,3.110219178,24.71750685
14.1,75,9.040383562,23.95835616
14.1,75.1,9.040383562,23.95835616
14.1,75.2,9.040383562,23.95835616
14.1,75.3,9.040383562,23.95835616
14.1,75.4,4.148931507,23.57112329
14.1,75.5,4.148931507,23.57112329
14.1,75.6,4.148931507,23.57112329
14.1,75.7,4.148931507,23.57112329
14.1,75.8,4.148931507,23.57112329
14.1,75.9,4.148931507,23.57112329
14.1,76,2.957835616,24.11350685
14.1,76.1,2.957835616,24.11350685
14.1,76.2,2.957835616,24.11350685
14.1,76.3,2.957835616,24.11350685
14.1,76.4,2.957835616,24.11350685
14.1,76.5,2.957835616,24.11350685
14.1,76.6,3.161835616,24.54156164
14.1,76.7,3.161835616,24.54156164
14.1,76.8,3.161835616,24.54156164
14.1,76.9,3.161835616,24.54156164
14.1,77,3.161835616,24.54156164
14.1,77.1,3.161835616,24.54156164
14.1,77.2,2.777917808,24.8690137
14.1,77.3,2.777917808,24.8690137
14.1,77.4,2.777917808,24.8690137
14.1,77.5,2.777917808,24.8690137
14.1,77.6,2.777917808,24.8690137
14.1,77.7,2.777917808,24.8690137
14.1,77.8,2.777917808,24.8690137
14.1,77.9,3.110219178,24.71750685
14.1,78,3.110219178,24.71750685
14.1,78.1,3.110219178,24.71750685
14.1,78.2,3.110219178,24.71750685
14.1,78.3,3.110219178,24.71750685
14.1,78.4,3.110219178,24.71750685
14.2,75,9.040383562,23.95835616
14.2,75.1,9.040383562,23.95835616
14.2,75.2,9.040383562,23.95835616
14.2,75.3,9.040383562,23.95835616
14.2,75.4,4.148931507,23.57112329
14.2,75.5,4.148931507,23.57112329
14.2,75.6,4.148931507,23.57112329
14.2,75.7,4.148931507,23.57112329
14.2,75.8,4.148931507,23.57112329
14.2,75.9,4.148931507,23.57112329
14.2,76,2.957835616,24.11350685
14.2,76.1,2.957835616,24.11350685
14.2,76.2,2.957835616,24.11350685
14.2,76.3,2.957835616,24.11350685
14.2,76.4,2.957835616,24.11350685
14.2,76.5,2.957835616,24.11350685
14.2,76.6,3.161835616,24.54156164
14.2,76.7,3.161835616,24.54156164
14.2,76.8,3.161835616,24.54156164
14.2,76.9,3.161835616,24.54156164
14.2,77,3.161835616,24.54156164
14.2,77.1,3.161835616,24.54156164
14.2,77.2,2.777917808,24.8690137
14.2,77.3,2.777917808,24.8690137
14.2,77.4,2.777917808,24.8690137
14.2,77.5,2.777917808,24.8690137
14.2,77.6,2.777917808,24.8690137
14.2,77.7,2.777917808,24.8690137
14.2,77.8,2.777917808,24.8690137
14.2,77.9,3.110219178,24.71750685
14.2,78,3.110219178,24.71750685
14.2,78.1,3.110219178,24.71750685
14.2,78.2,3.110219178,24.71750685
14.2,78.3,3.110219178,24.71750685
14.2,78.4,3.110219178,24.71750685
14.3,75,5.669013699,23.8489589
14.3,75.1,5.669013699,23.8489589
14.3,75.2,5.669013699,23.8489589
14.3,75.3,5.669013699,23.8489589
14.3,75.4,3.26290411,24.65082192
14.3,75.5,3.26290411,24.65082192
14.3,75.6,3.26290411,24.65082192
14.3,75.7,3.26290411,24.65082192
14.3,75.8,3.26290411,24.65082192
14.3,75.9,3.26290411,24.65082192
14.3,76,2.589479452,24.81013699
14.3,76.1,2.589479452,24.81013699
14.3,76.2,2.589479452,24.81013699
14.3,76.3,2.589479452,24.81013699
14.3,76.4,2.589479452,24.81013699
14.3,76.5,2.589479452,24.81013699
14.3,76.6,2.440931507,25.34931507
14.3,76.7,2.440931507,25.34931507
14.3,76.8,2.440931507,25.34931507
14.3,76.9,2.440931507,25.34931507
14.3,77,2.440931507,25.34931507
14.3,77.1,2.440931507,25.34931507
14.3,77.2,2.441589041,26.12739726
14.3,77.3,2.441589041,26.12739726
14.3,77.4,2.441589041,26.12739726
14.3,77.5,2.441589041,26.12739726
14.3,77.6,2.441589041,26.12739726
14.3,77.7,2.441589041,26.12739726
14.3,77.8,2.441589041,26.12739726
14.3,77.9,2.299780822,26.87791781
14.3,78,2.299780822,26.87791781
14.3,78.1,2.299780822,26.87791781
14.3,78.2,2.299780822,26.87791781
14.3,78.3,2.299780822,26.87791781
14.3,78.4,2.299780822,26.87791781
14.4,75,5.669013699,23.8489589
14.4,75.1,5.669013699,23.8489589
14.4,75.2,5.669013699,23.8489589
14.4,75.3,5.669013699,23.8489589
14.4,75.4,3.26290411,24.65082192
14.4,75.5,3.26290411,24.65082192
14.4,75.6,3.26290411,24.65082192
14.4,75.7,3.26290411,24.65082192
14.4,75.8,3.26290411,24.65082192
14.4,75.9,3.26290411,24.65082192
14.4,76,2.589479452,24.81013699
14.4,76.1,2.589479452,24.81013699
14.4,76.2,2.589479452,24.81013699
14.4,76.3,2.589479452,24.81013699
14.4,76.4,2.589479452,24.81013699
14.4,76.5,2.589479452,24.81013699
14.4,76.6,2.440931507,25.34931507
14.4,76.7,2.440931507,25.34931507
14.4,76.8,2.440931507,25.34931507
14.4,76.9,2.440931507,25.34931507
14.4,77,2.440931507,25.34931507
14.4,77.1,2.440931507,25.34931507
14.4,77.2,2.441589041,26.12739726
14.4,77.3,2.441589041,26.12739726
14.4,77.4,2.441589041,26.12739726
14.4,77.5,2.441589041,26.12739726
14.4,77.6,2.441589041,26.12739726
14.4,77.7,2.441589041,26.12739726
14.4,77.8,2.441589041,26.12739726
14.4,77.9,2.299780822,26.87791781
14.4,78,2.299780822,26.87791781
14.4,78.1,2.299780822,26.87791781
14.4,78.2,2.299780822,26.87791781
14.4,78.3,2.299780822,26.87791781
14.4,78.4,2.299780822,26.87791781
14.5,75,5.669013699,23.8489589
14.5,75.1,5.669013699,23.8489589
14.5,75.2,5.669013699,23.8489589
14.5,75.3,5.669013699,23.8489589
14.5,75.4,3.26290411,24.65082192
14.5,75.5,3.26290411,24.65082192
14.5,75.6,3.26290411,24.65082192
14.5,75.7,3.26290411,24.65082192
14.5,75.8,3.26290411,24.65082192
14.5,75.9,3.26290411,24.65082192
14.5,76,2.589479452,24.81013699
14.5,76.1,2.589479452,24.81013699
14.5,76.2,2.589479452,24.81013699
14.5,76.3,2.589479452,24.81013699
14.5,76.4,2.589479452,24.81013699
14.5,76.5,2.589479452,24.81013699
14.5,76.6,2.440931507,25.34931507
14.5,76.7,2.440931507,25.34931507
14.5,76.8,2.440931507,25.34931507
14.5,76.9,2.440931507,25.34931507
14.5,77,2.440931507,25.34931507
14.5,77.1,2.440931507,25.34931507
14.5,77.2,2.441589041,26.12739726
14.5,77.3,2.441589041,26.12739726
14.5,77.4,2.441589041,26.12739726
14.5,77.5,2.441589041,26.12739726
14.5,77.6,2.441589041,26.12739726
14.5,77.7,2.441589041,26.12739726
14.5,77.8,2.441589041,26.12739726
14.5,77.9,2.299780822,26.87791781
14.5,78,2.299780822,26.87791781
14.5,78.1,2.299780822,26.87791781
14.5,78.2,2.299780822,26.87791781
14.5,78.3,2.299780822,26.87791781
14.5,78.4,2.299780822,26.87791781
14.6,75,5.669013699,23.8489589
14.6,75.1,5.669013699,23.8489589
14.6,75.2,5.669013699,23.8489589
14.6,75.3,5.669013699,23.8489589
14.6,75.4,3.26290411,24.65082192
14.6,75.5,3.26290411,24.65082192
14.6,75.6,3.26290411,24.65082192
14.6,75.7,3.26290411,24.65082192
14.6,75.8,3.26290411,24.65082192
14.6,75.9,3.26290411,24.65082192
14.6,76,2.589479452,24.81013699
14.6,76.1,2.589479452,24.81013699
14.6,76.2,2.589479452,24.81013699
14.6,76.3,2.589479452,24.81013699
14.6,76.4,2.589479452,24.81013699
14.6,76.5,2.589479452,24.81013699
14.6,76.6,2.440931507,25.34931507
14.6,76.7,2.440931507,25.34931507
14.6,76.8,2.440931507,25.34931507
14.6,76.9,2.440931507,25.34931507
14.6,77,2.440931507,25.34931507
14.6,77.1,2.440931507,25.34931507
14.6,77.2,2.441589041,26.12739726
14.6,77.3,2.441589041,26.12739726
14.6,77.4,2.441589041,26.12739726
14.6,77.5,2.441589041,26.12739726
14.6,77.6,2.441589041,26.12739726
14.6,77.7,2.441589041,26.12739726
14.6,77.8,2.441589041,26.12739726
14.6,77.9,2.299780822,26.87791781
14.6,78,2.299780822,26.87791781
14.6,78.1,2.299780822,26.87791781
14.6,78.2,2.299780822,26.87791781
14.6,78.3,2.299780822,26.87791781
14.6,78.4,2.299780822,26.87791781
14.7,75,5.669013699,23.8489589
14.7,75.1,5.669013699,23.8489589
14.7,75.2,5.669013699,23.8489589
14.7,75.3,5.669013699,23.8489589
14.7,75.4,3.26290411,24.65082192
14.7,75.5,3.26290411,24.65082192
14.7,75.6,3.26290411,24.65082192
14.7,75.7,3.26290411,24.65082192
14.7,75.8,3.26290411,24.65082192
14.7,75.9,3.26290411,24.65082192
14.7,76,2.589479452,24.81013699
14.7,76.1,2.589479452,24.81013699
14.7,76.2,2.589479452,24.81013699
14.7,76.3,2.589479452,24.81013699
14.7,76.4,2.589479452,24.81013699
14.7,76.5,2.589479452,24.81013699
14.7,76.6,2.440931507,25.34931507
14.7,76.7,2.440931507,25.34931507
14.7,76.8,2.440931507,25.34931507
14.7,76.9,2.440931507,25.34931507
14.7,77,2.440931507,25.34931507
14.7,77.1,2.440931507,25.34931507
14.7,77.2,2.441589041,26.12739726
14.7,77.3,2.441589041,26.12739726
14.7,77.4,2.441589041,26.12739726
14.7,77.5,2.441589041,26.12739726
14.7,77.6,2.441589041,26.12739726
14.7,77.7,2.441589041,26.12739726
14.7,77.8,2.441589041,26.12739726
14.7,77.9,2.299780822,26.87791781
14.7,78,2.299780822,26.87791781
14.7,78.1,2.299780822,26.87791781
14.7,78.2,2.299780822,26.87791781
14.7,78.3,2.299780822,26.87791781
14.7,78.4,2.299780822,26.87791781
14.8,75,4.357452055,24.3559726
14.8,75.1,4.357452055,24.3559726
14.8,75.2,4.357452055,24.3559726
14.8,75.3,4.357452055,24.3559726
14.8,75.4,3.024438356,24.97230137
14.8,75.5,3.024438356,24.97230137
14.8,75.6,3.024438356,24.97230137
14.8,75.7,3.024438356,24.97230137
14.8,75.8,3.024438356,24.97230137
14.8,75.9,3.024438356,24.97230137
14.8,76,2.556684932,25.21805479
14.8,76.1,2.556684932,25.21805479
14.8,76.2,2.556684932,25.21805479
14.8,76.3,2.556684932,25.21805479
14.8,76.4,2.556684932,25.21805479
14.8,76.5,2.556684932,25.21805479
14.8,76.6,2.30139726,26.04986301
14.8,76.7,2.30139726,26.04986301
14.8,76.8,2.30139726,26.04986301
14.8,76.9,2.30139726,26.04986301
14.8,77,2.30139726,26.04986301
14.8,77.1,2.30139726,26.04986301
14.8,77.2,2.192,26.61019178
14.8,77.3,2.192,26.61019178
14.8,77.4,2.192,26.61019178
14.8,77.5,2.192,26.61019178
14.8,77.6,2.192,26.61019178
14.8,77.7,2.192,26.61019178
14.8,77.8,2.192,26.61019178
14.8,77.9,2.058630137,27.32616438
14.8,78,2.058630137,27.32616438
14.8,78.1,2.058630137,27.32616438
14.8,78.2,2.058630137,27.32616438
14.8,78.3,2.058630137,27.32616438
14.8,78.4,2.058630137,27.32616438
14.9,75,4.357452055,24.3559726
14.9,75.1,4.357452055,24.3559726
14.9,75.2,4.357452055,24.3559726
14.9,75.3,4.357452055,24.3559726
14.9,75.4,3.024438356,24.97230137
14.9,75.5,3.024438356,24.97230137
14.9,75.6,3.024438356,24.97230137
14.9,75.7,3.024438356,24.97230137
14.9,75.8,3.024438356,24.97230137
14.9,75.9,3.024438356,24.97230137
14.9,76,2.556684932,25.21805479
14.9,76.1,2.556684932,25.21805479
14.9,76.2,2.556684932,25.21805479
14.9,76.3,2.556684932,25.21805479
14.9,76.4,2.556684932,25.21805479
14.9,76.5,2.556684932,25.21805479
14.9,76.6,2.30139726,26.04986301
14.9,76.7,2.30139726,26.04986301
14.9,76.8,2.30139726,26.04986301
14.9,76.9,2.30139726,26.04986301
14.9,77,2.30139726,26.04986301
14.9,77.1,2.30139726,26.04986301
14.9,77.2,2.192,26.61019178
14.9,77.3,2.192,26.61019178
14.9,77.4,2.192,26.61019178
14.9,77.5,2.192,26.61019178
14.9,77.6,2.192,26.61019178
14.9,77.7,2.192,26.61019178
14.9,77.8,2.192,26.61019178
14.9,77.9,2.058630137,27.32616438
14.9,78,2.058630137,27.32616438
14.9,78.1,2.058630137,27.32616438
14.9,78.2,2.058630137,27.32616438
14.9,78.3,2.058630137,27.32616438
14.9,78.4,2.058630137,27.32616438
15,75,4.357452055,24.3559726
15,75.1,4.357452055,24.3559726
15,75.2,4.357452055,24.3559726
15,75.3,4.357452055,24.3559726
15,75.4,3.024438356,24.97230137
15,75.5,3.024438356,24.97230137
15,75.6,3.024438356,24.97230137
15,75.7,3.024438356,24.97230137
15,75.8,3.024438356,24.97230137
15,75.9,3.024438356,24.97230137
15,76,2.556684932,25.21805479
15,76.1,2.556684932,25.21805479
15,76.2,2.556684932,25.21805479
15,76.3,2.556684932,25.21805479
15,76.4,2.556684932,25.21805479
15,76.5,2.556684932,25.21805479
15,76.6,2.30139726,26.04986301
15,76.7,2.30139726,26.04986301
15,76.8,2.30139726,26.04986301
15,76.9,2.30139726,26.04986301
15,77,2.30139726,26.04986301
15,77.1,2.30139726,26.04986301
15,77.2,2.192,26.61019178
15,77.3,2.192,26.61019178
15,77.4,2.192,26.61019178
15,77.5,2.192,26.61019178
15,77.6,2.192,26.61019178
15,77.7,2.192,26.61019178
15,77.8,2.192,26.61019178
15,77.9,2.058630137,27.32616438
15,78,2.058630137,27.32616438
15,78.1,2.058630137,27.32616438
15,78.2,2.058630137,27.32616438
15,78.3,2.058630137,27.32616438
15,78.4,2.058630137,27.32616438
15.1,75,4.357452055,24.3559726
15.1,75.1,4.357452055,24.3559726
15.1,75.2,4.357452055,24.3559726
15.1,75.3,4.357452055,24.3559726
15.1,75.4,3.024438356,24.97230137
15.1,75.5,3.024438356,24.97230137
15.1,75.6,3.024438356,24.97230137
15.1,75.7,3.024438356,24.97230137
15.1,75.8,3.024438356,24.97230137
15.1,75.9,3.024438356,24.97230137
15.1,76,2.556684932,25.21805479
15.1,76.1,2.556684932,25.21805479
15.1,76.2,2.556684932,25.21805479
15.1,76.3,2.556684932,25.21805479
15.1,76.4,2.556684932,25.21805479
15.1,76.5,2.556684932,25.21805479
15.1,76.6,2.30139726,26.04986301
15.1,76.7,2.30139726,26.04986301
15.1,76.8,2.30139726,26.04986301
15.1,76.9,2.30139726,26.04986301
15.1,77,2.30139726,26.04986301
15.1,77.1,2.30139726,26.04986301
15.1,77.2,2.192,26.61019178
15.1,77.3,2.192,26.61019178
15.1,77.4,2.192,26.61019178
15.1,77.5,2.192,26.61019178
15.1,77.6,2.192,26.61019178
15.1,77.7,2.192,26.61019178
15.1,77.8,2.192,26.61019178
15.1,77.9,2.058630137,27.32616438
15.1,78,2.058630137,27.32616438
15.1,78.1,2.058630137,27.32616438
15.1,78.2,2.058630137,27.32616438
15.1,78.3,2.058630137,27.32616438
15.1,78.4,2.058630137,27.32616438
15.2,75,4.357452055,24.3559726
15.2,75.1,4.357452055,24.3559726
15.2,75.2,4.357452055,24.3559726
15.2,75.3,4.357452055,24.3559726
15.2,75.4,3.024438356,24.97230137
15.2,75.5,3.024438356,24.97230137
15.2,75.6,3.024438356,24.97230137
15.2,75.7,3.024438356,24.97230137
15.2,75.8,3.024438356,24.97230137
15.2,75.9,3.024438356,24.97230137
15.2,76,2.556684932,25.21805479
15.2,76.1,2.556684932,25.21805479
15.2,76.2,2.556684932,25.21805479
15.2,76.3,2.556684932,25.21805479
15.2,76.4,2.556684932,25.21805479
15.2,76.5,2.556684932,25.21805479
15.2,76.6,2.30139726,26.04986301
15.2,76.7,2.30139726,26.04986301
15.2,76.8,2.30139726,26.04986301
15.2,76.9,2.30139726,26.04986301
15.2,77,2.30139726,26.04986301
15.2,77.1,2.30139726,26.04986301
15.2,77.2,2.192,26.61019178
15.2,77.3,2.192,26.61019178
15.2,77.4,2.192,26.61019178
15.2,77.5,2.192,26.61019178
15.2,77.6,2.192,26.61019178
15.2,77.7,2.192,26.61019178
15.2,77.8,2.192,26.61019178
15.2,77.9,2.058630137,27.32616438
15.2,78,2.058630137,27.32616438
15.2,78.1,2.058630137,27.32616438
15.2,78.2,2.058630137,27.32616438
15.2,78.3,2.058630137,27.32616438
15.2,78.4,2.058630137,27.32616438
15.3,75,3.431232877,24.39389041
15.3,75.1,3.431232877,24.39389041
15.3,75.2,3.431232877,24.39389041
15.3,75.3,3.431232877,24.39389041
15.3,75.4,2.654356164,25.13816438
15.3,75.5,2.654356164,25.13816438
15.3,75.6,2.654356164,25.13816438
15.3,75.7,2.654356164,25.13816438
15.3,75.8,2.654356164,25.13816438
15.3,75.9,2.654356164,25.13816438
15.3,76,2.385643836,25.72117808
15.3,76.1,2.385643836,25.72117808
15.3,76.2,2.385643836,25.72117808
15.3,76.3,2.385643836,25.72117808
15.3,76.4,2.385643836,25.72117808
15.3,76.5,2.385643836,25.72117808
15.3,76.6,2.185424658,26.76542466
15.3,76.7,2.185424658,26.76542466
15.3,76.8,2.185424658,26.76542466
15.3,76.9,2.185424658,26.76542466
15.3,77,2.185424658,26.76542466
15.3,77.1,2.185424658,26.76542466
15.3,77.2,2.165068493,26.70887671
15.3,77.3,2.165068493,26.70887671
15.3,77.4,2.165068493,26.70887671
15.3,77.5,2.165068493,26.70887671
15.3,77.6,2.165068493,26.70887671
15.3,77.7,2.165068493,26.70887671
15.3,77.8,2.165068493,26.70887671
15.3,77.9,2.091424658,27.09545205
15.3,78,2.091424658,27.09545205
15.3,78.1,2.091424658,27.09545205
15.3,78.2,2.091424658,27.09545205
15.3,78.3,2.091424658,27.09545205
15.3,78.4,2.091424658,27.09545205
15.4,75,3.431232877,24.39389041
15.4,75.1,3.431232877,24.39389041
15.4,75.2,3.431232877,24.39389041
15.4,75.3,3.431232877,24.39389041
15.4,75.4,2.654356164,25.13816438
15.4,75.5,2.654356164,25.13816438
15.4,75.6,2.654356164,25.13816438
15.4,75.7,2.654356164,25.13816438
15.4,75.8,2.654356164,25.13816438
15.4,75.9,2.654356164,25.13816438
15.4,76,2.385643836,25.72117808
15.4,76.1,2.385643836,25.72117808
15.4,76.2,2.385643836,25.72117808
15.4,76.3,2.385643836,25.72117808
15.4,76.4,2.385643836,25.72117808
15.4,76.5,2.385643836,25.72117808
15.4,76.6,2.185424658,26.76542466
15.4,76.7,2.185424658,26.76542466
15.4,76.8,2.185424658,26.76542466
15.4,76.9,2.185424658,26.76542466
15.4,77,2.185424658,26.76542466
15.4,77.1,2.185424658,26.76542466
15.4,77.2,2.165068493,26.70887671
15.4,77.3,2.165068493,26.70887671
15.4,77.4,2.165068493,26.70887671
15.4,77.5,2.165068493,26.70887671
15.4,77.6,2.165068493,26.70887671
15.4,77.7,2.165068493,26.70887671
15.4,77.8,2.165068493,26.70887671
15.4,77.9,2.091424658,27.09545205
15.4,78,2.091424658,27.09545205
15.4,78.1,2.091424658,27.09545205
15.4,78.2,2.091424658,27.09545205
15.4,78.3,2.091424658,27.09545205
15.4,78.4,2.091424658,27.09545205
15.5,75,3.431232877,24.39389041
15.5,75.1,3.431232877,24.39389041
15.5,75.2,3.431232877,24.39389041
15.5,75.3,3.431232877,24.39389041
15.5,75.4,2.654356164,25.13816438
15.5,75.5,2.654356164,25.13816438
15.5,75.6,2.654356164,25.13816438
15.5,75.7,2.654356164,25.13816438
15.5,75.8,2.654356164,25.13816438
15.5,75.9,2.654356164,25.13816438
15.5,76,2.385643836,25.72117808
15.5,76.1,2.385643836,25.72117808
15.5,76.2,2.385643836,25.72117808
15.5,76.3,2.385643836,25.72117808
15.5,76.4,2.385643836,25.72117808
15.5,76.5,2.385643836,25.72117808
15.5,76.6,2.185424658,26.76542466
15.5,76.7,2.185424658,26.76542466
15.5,76.8,2.185424658,26.76542466
15.5,76.9,2.185424658,26.76542466
15.5,77,2.185424658,26.76542466
15.5,77.1,2.185424658,26.76542466
15.5,77.2,2.165068493,26.70887671
15.5,77.3,2.165068493,26.70887671
15.5,77.4,2.165068493,26.70887671
15.5,77.5,2.165068493,26.70887671
15.5,77.6,2.165068493,26.70887671
15.5,77.7,2.165068493,26.70887671
15.5,77.8,2.165068493,26.70887671
15.5,77.9,2.091424658,27.09545205
15.5,78,2.091424658,27.09545205
15.5,78.1,2.091424658,27.09545205
15.5,78.2,2.091424658,27.09545205
15.5,78.3,2.091424658,27.09545205
15.5,78.4,2.091424658,27.09545205
15.6,75,3.431232877,24.39389041
15.6,75.1,3.431232877,24.39389041
15.6,75.2,3.431232877,24.39389041
15.6,75.3,3.431232877,24.39389041
15.6,75.4,2.654356164,25.13816438
15.6,75.5,2.654356164,25.13816438
15.6,75.6,2.654356164,25.13816438
15.6,75.7,2.654356164,25.13816438
15.6,75.8,2.654356164,25.13816438
15.6,75.9,2.654356164,25.13816438
15.6,76,2.385643836,25.72117808
15.6,76.1,2.385643836,25.72117808
15.6,76.2,2.385643836,25.72117808
15.6,76.3,2.385643836,25.72117808
15.6,76.4,2.385643836,25.72117808
15.6,76.5,2.385643836,25.72117808
15.6,76.6,2.185424658,26.76542466
15.6,76.7,2.185424658,26.76542466
15.6,76.8,2.185424658,26.76542466
15.6,76.9,2.185424658,26.76542466
15.6,77,2.185424658,26.76542466
15.6,77.1,2.185424658,26.76542466
15.6,77.2,2.165068493,26.70887671
15.6,77.3,2.165068493,26.70887671
15.6,77.4,2.165068493,26.70887671
15.6,77.5,2.165068493,26.70887671
15.6,77.6,2.165068493,26.70887671
15.6,77.7,2.165068493,26.70887671
15.6,77.8,2.165068493,26.70887671
15.6,77.9,2.091424658,27.09545205
15.6,78,2.091424658,27.09545205
15.6,78.1,2.091424658,27.09545205
15.6,78.2,2.091424658,27.09545205
15.6,78.3,2.091424658,27.09545205
15.6,78.4,2.091424658,27.09545205
15.7,75,3.431232877,24.39389041
15.7,75.1,3.431232877,24.39389041
15.7,75.2,3.431232877,24.39389041
15.7,75.3,3.431232877,24.39389041
15.7,75.4,2.654356164,25.13816438
15.7,75.5,2.654356164,25.13816438
15.7,75.6,2.654356164,25.13816438
15.7,75.7,2.654356164,25.13816438
15.7,75.8,2.654356164,25.13816438
15.7,75.9,2.654356164,25.13816438
15.7,76,2.385643836,25.72117808
15.7,76.1,2.385643836,25.72117808
15.7,76.2,2.385643836,25.72117808
15.7,76.3,2.385643836,25.72117808
15.7,76.4,2.385643836,25.72117808
15.7,76.5,2.385643836,25.72117808
15.7,76.6,2.185424658,26.76542466
15.7,76.7,2.185424658,26.76542466
15.7,76.8,2.185424658,26.76542466
15.7,76.9,2.185424658,26.76542466
15.7,77,2.185424658,26.76542466
15.7,77.1,2.185424658,26.76542466
15.7,77.2,2.165068493,26.70887671
15.7,77.3,2.165068493,26.70887671
15.7,77.4,2.165068493,26.70887671
15.7,77.5,2.165068493,26.70887671
15.7,77.6,2.165068493,26.70887671
15.7,77.7,2.165068493,26.70887671
15.7,77.8,2.165068493,26.70887671
15.7,77.9,2.091424658,27.09545205
15.7,78,2.091424658,27.09545205
15.7,78.1,2.091424658,27.09545205
15.7,78.2,2.091424658,27.09545205
15.7,78.3,2.091424658,27.09545205
15.7,78.4,2.091424658,27.09545205
15.8,75,2.751835616,24.75476712
15.8,75.1,2.751835616,24.75476712
15.8,75.2,2.751835616,24.75476712
15.8,75.3,2.751835616,24.75476712
15.8,75.4,2.248410959,25.64849315
15.8,75.5,2.248410959,25.64849315
15.8,75.6,2.248410959,25.64849315
15.8,75.7,2.248410959,25.64849315
15.8,75.8,2.248410959,25.64849315
15.8,75.9,2.248410959,25.64849315
15.8,76,2.13339726,26.1330137
15.8,76.1,2.13339726,26.1330137
15.8,76.2,2.13339726,26.1330137
15.8,76.3,2.13339726,26.1330137
15.8,76.4,2.13339726,26.1330137
15.8,76.5,2.13339726,26.1330137
15.8,76.6,2.062109589,26.978
15.8,76.7,2.062109589,26.978
15.8,76.8,2.062109589,26.978
15.8,76.9,2.062109589,26.978
15.8,77,2.062109589,26.978
15.8,77.1,2.062109589,26.978
15.8,77.2,2.155123288,27.20961644
15.8,77.3,2.155123288,27.20961644
15.8,77.4,2.155123288,27.20961644
15.8,77.5,2.155123288,27.20961644
15.8,77.6,2.155123288,27.20961644
15.8,77.7,2.155123288,27.20961644
15.8,77.8,2.155123288,27.20961644
15.8,77.9,2.212684932,27.16832877
15.8,78,2.212684932,27.16832877
15.8,78.1,2.212684932,27.16832877
15.8,78.2,2.212684932,27.16832877
15.8,78.3,2.212684932,27.16832877
15.8,78.4,2.212684932,27.16832877
15.9,75,2.751835616,24.75476712
15.9,75.1,2.751835616,24.75476712
15.9,75.2,2.751835616,24.75476712
15.9,75.3,2.751835616,24.75476712
15.9,75.4,2.248410959,25.64849315
15.9,75.5,2.248410959,25.64849315
15.9,75.6,2.248410959,25.64849315
15.9,75.7,2.248410959,25.64849315
15.9,75.8,2.248410959,25.64849315
15.9,75.9,2.248410959,25.64849315
15.9,76,2.13339726,26.1330137
15.9,76.1,2.13339726,26.1330137
15.9,76.2,2.13339726,26.1330137
15.9,76.3,2.13339726,26.1330137
15.9,76.4,2.13339726,26.1330137
15.9,76.5,2.13339726,26.1330137
15.9,76.6,2.062109589,26.978
15.9,76.7,2.062109589,26.978
15.9,76.8,2.062109589,26.978
15.9,76.9,2.062109589,26.978
15.9,77,2.062109589,26.978
15.9,77.1,2.062109589,26.978
15.9,77.2,2.155123288,27.20961644
15.9,77.3,2.155123288,27.20961644
15.9,77.4,2.155123288,27.20961644
15.9,77.5,2.155123288,27.20961644
15.9,77.6,2.155123288,27.20961644
15.9,77.7,2.155123288,27.20961644
15.9,77.8,2.155123288,27.20961644
15.9,77.9,2.212684932,27.16832877
15.9,78,2.212684932,27.16832877
15.9,78.1,2.212684932,27.16832877
15.9,78.2,2.212684932,27.16832877
15.9,78.3,2.212684932,27.16832877
15.9,78.4,2.212684932,27.16832877
16,75,2.751835616,24.75476712
16,75.1,2.751835616,24.75476712
16,75.2,2.751835616,24.75476712
16,75.3,2.751835616,24.75476712
16,75.4,2.248410959,25.64849315
16,75.5,2.248410959,25.64849315
16,75.6,2.248410959,25.64849315
16,75.7,2.248410959,25.64849315
16,75.8,2.248410959,25.64849315
16,75.9,2.248410959,25.64849315
16,76,2.13339726,26.1330137
16,76.1,2.13339726,26.1330137
16,76.2,2.13339726,26.1330137
16,76.3,2.13339726,26.1330137
16,76.4,2.13339726,26.1330137
16,76.5,2.13339726,26.1330137
16,76.6,2.062109589,26.978
16,76.7,2.062109589,26.978
16,76.8,2.062109589,26.978
16,76.9,2.062109589,26.978
16,77,2.062109589,26.978
16,77.1,2.062109589,26.978
16,77.2,2.155123288,27.20961644
16,77.3,2.155123288,27.20961644
16,77.4,2.155123288,27.20961644
16,77.5,2.155123288,27.20961644
16,77.6,2.155123288,27.20961644
16,77.7,2.155123288,27.20961644
16,77.8,2.155123288,27.20961644
16,77.9,2.212684932,27.16832877
16,78,2.212684932,27.16832877
16,78.1,2.212684932,27.16832877
16,78.2,2.212684932,27.16832877
16,78.3,2.212684932,27.16832877
16,78.4,2.212684932,27.16832877
16.1,75,2.751835616,24.75476712
16.1,75.1,2.751835616,24.75476712
16.1,75.2,2.751835616,24.75476712
16.1,75.3,2.751835616,24.75476712
16.1,75.4,2.248410959,25.64849315
16.1,75.5,2.248410959,25.64849315
16.1,75.6,2.248410959,25.64849315
16.1,75.7,2.248410959,25.64849315
16.1,75.8,2.248410959,25.64849315
16.1,75.9,2.248410959,25.64849315
16.1,76,2.13339726,26.1330137
16.1,76.1,2.13339726,26.1330137
16.1,76.2,2.13339726,26.1330137
16.1,76.3,2.13339726,26.1330137
16.1,76.4,2.13339726,26.1330137
16.1,76.5,2.13339726,26.1330137
16.1,76.6,2.062109589,26.978
16.1,76.7,2.062109589,26.978
16.1,76.8,2.062109589,26.978
16.1,76.9,2.062109589,26.978
16.1,77,2.062109589,26.978
16.1,77.1,2.062109589,26.978
16.1,77.2,2.155123288,27.20961644
16.1,77.3,2.155123288,27.20961644
16.1,77.4,2.155123288,27.20961644
16.1,77.5,2.155123288,27.20961644
16.1,77.6,2.155123288,27.20961644
16.1,77.7,2.155123288,27.20961644
16.1,77.8,2.155123288,27.20961644
16.1,77.9,2.212684932,27.16832877
16.1,78,2.212684932,27.16832877
16.1,78.1,2.212684932,27.16832877
16.1,78.2,2.212684932,27.16832877
16.1,78.3,2.212684932,27.16832877
16.1,78.4,2.212684932,27.16832877
16.2,75,2.751835616,24.75476712
16.2,75.1,2.751835616,24.75476712
16.2,75.2,2.751835616,24.75476712
16.2,75.3,2.751835616,24.75476712
16.2,75.4,2.248410959,25.64849315
16.2,75.5,2.248410959,25.64849315
16.2,75.6,2.248410959,25.64849315
16.2,75.7,2.248410959,25.64849315
16.2,75.8,2.248410959,25.64849315
16.2,75.9,2.248410959,25.64849315
16.2,76,2.13339726,26.1330137
16.2,76.1,2.13339726,26.1330137
16.2,76.2,2.13339726,26.1330137
16.2,76.3,2.13339726,26.1330137
16.2,76.4,2.13339726,26.1330137
16.2,76.5,2.13339726,26.1330137
16.2,76.6,2.062109589,26.978
16.2,76.7,2.062109589,26.978
16.2,76.8,2.062109589,26.978
16.2,76.9,2.062109589,26.978
16.2,77,2.062109589,26.978
16.2,77.1,2.062109589,26.978
16.2,77.2,2.155123288,27.20961644
16.2,77.3,2.155123288,27.20961644
16.2,77.4,2.155123288,27.20961644
16.2,77.5,2.155123288,27.20961644
16.2,77.6,2.155123288,27.20961644
16.2,77.7,2.155123288,27.20961644
16.2,77.8,2.155123288,27.20961644
16.2,77.9,2.212684932,27.16832877
16.2,78,2.212684932,27.16832877
16.2,78.1,2.212684932,27.16832877
16.2,78.2,2.212684932,27.16832877
16.2,78.3,2.212684932,27.16832877
16.2,78.4,2.212684932,27.16832877
16.3,75,2.357041096,25.32268493
16.3,75.1,2.357041096,25.32268493
16.3,75.2,2.357041096,25.32268493
16.3,75.3,2.357041096,25.32268493
16.3,75.4,2.007178082,25.8070411
16.3,75.5,2.007178082,25.8070411
16.3,75.6,2.007178082,25.8070411
16.3,75.7,2.007178082,25.8070411
16.3,75.8,2.007178082,25.8070411
16.3,75.9,2.007178082,25.8070411
16.3,76,2.035342466,26.32161644
16.3,76.1,2.035342466,26.32161644
16.3,76.2,2.035342466,26.32161644
16.3,76.3,2.035342466,26.32161644
16.3,76.4,2.035342466,26.32161644
16.3,76.5,2.035342466,26.32161644
16.3,76.6,2.112219178,27.1190137
16.3,76.7,2.112219178,27.1190137
16.3,76.8,2.112219178,27.1190137
16.3,76.9,2.112219178,27.1190137
16.3,77,2.112219178,27.1190137
16.3,77.1,2.112219178,27.1190137
16.3,77.2,2.207315068,26.96591781
16.3,77.3,2.207315068,26.96591781
16.3,77.4,2.207315068,26.96591781
16.3,77.5,2.207315068,26.96591781
16.3,77.6,2.207315068,26.96591781
16.3,77.7,2.207315068,26.96591781
16.3,77.8,2.207315068,26.96591781
16.3,77.9,2.283479452,26.45035616
16.3,78,2.283479452,26.45035616
16.3,78.1,2.283479452,26.45035616
16.3,78.2,2.283479452,26.45035616
16.3,78.3,2.283479452,26.45035616
16.3,78.4,2.283479452,26.45035616
16.4,75,2.357041096,25.32268493
16.4,75.1,2.357041096,25.32268493
16.4,75.2,2.357041096,25.32268493
16.4,75.3,2.357041096,25.32268493
16.4,75.4,2.007178082,25.8070411
16.4,75.5,2.007178082,25.8070411
16.4,75.6,2.007178082,25.8070411
16.4,75.7,2.007178082,25.8070411
16.4,75.8,2.007178082,25.8070411
16.4,75.9,2.007178082,25.8070411
16.4,76,2.035342466,26.32161644
16.4,76.1,2.035342466,26.32161644
16.4,76.2,2.035342466,26.32161644
16.4,76.3,2.035342466,26.32161644
16.4,76.4,2.035342466,26.32161644
16.4,76.5,2.035342466,26.32161644
16.4,76.6,2.112219178,27.1190137
16.4,76.7,2.112219178,27.1190137
16.4,76.8,2.112219178,27.1190137
16.4,76.9,2.112219178,27.1190137
16.4,77,2.112219178,27.1190137
16.4,77.1,2.112219178,27.1190137
16.4,77.2,2.207315068,26.96591781
16.4,77.3,2.207315068,26.96591781
16.4,77.4,2.207315068,26.96591781
16.4,77.5,2.207315068,26.96591781
16.4,77.6,2.207315068,26.96591781
16.4,77.7,2.207315068,26.96591781
16.4,77.8,2.207315068,26.96591781
16.4,77.9,2.283479452,26.45035616
16.4,78,2.283479452,26.45035616
16.4,78.1,2.283479452,26.45035616
16.4,78.2,2.283479452,26.45035616
16.4,78.3,2.283479452,26.45035616
16.4,78.4,2.283479452,26.45035616
